date,store,item,sales
2025-03-15,1,1,53.36
2025-03-16,1,1,52.05
2025-03-17,1,1,42.36
2025-03-18,1,1,45.05
2025-03-19,1,1,39.98
2025-03-20,1,1,38.09
2025-03-21,1,1,43.68
2025-03-22,1,1,53.0
2025-03-23,1,1,53.31
2025-03-24,1,1,42.22
2025-03-25,1,1,41.51
2025-03-26,1,1,41.98
2025-03-27,1,1,42.93
2025-03-28,1,1,44.78
2025-03-29,1,1,50.7
2025-03-30,1,1,51.68
2025-03-31,1,1,39.01
2025-04-01,1,1,40.18
2025-04-02,1,1,45.75
2025-04-03,1,1,42.3
2025-04-04,1,1,41.59
2025-04-05,1,1,50.47
2025-04-06,1,1,55.02
2025-04-07,1,1,46.4
2025-04-08,1,1,41.8
2025-04-09,1,1,43.03
2025-04-10,1,1,45.48
2025-04-11,1,1,44.53
2025-04-12,1,1,49.45
2025-04-13,1,1,50.15
2025-04-14,1,1,42.06
2025-04-15,1,1,39.93
2025-04-16,1,1,44.34
2025-04-17,1,1,42.11
2025-04-18,1,1,38.89
2025-04-19,1,1,51.27
2025-04-20,1,1,49.57
2025-04-21,1,1,39.82
2025-04-22,1,1,39.77
2025-04-23,1,1,41.1
2025-04-24,1,1,43.95
2025-04-25,1,1,43.0
2025-04-26,1,1,52.41
2025-04-27,1,1,53.42
2025-04-28,1,1,42.75
2025-04-29,1,1,43.59
2025-04-30,1,1,42.2
2025-05-01,1,1,45.51
2025-05-02,1,1,41.46
2025-05-03,1,1,54.2
2025-05-04,1,1,53.17
2025-05-05,1,1,44.32
2025-05-06,1,1,45.48
2025-05-07,1,1,41.71
2025-05-08,1,1,41.91
2025-05-09,1,1,42.1
2025-05-10,1,1,52.74
2025-05-11,1,1,51.73
2025-05-12,1,1,38.55
2025-05-13,1,1,47.1
2025-05-14,1,1,41.35
2025-05-15,1,1,41.03
2025-05-16,1,1,41.48
2025-05-17,1,1,49.51
2025-05-18,1,1,53.29
2025-05-19,1,1,41.65
2025-05-20,1,1,44.8
2025-05-21,1,1,43.46
2025-05-22,1,1,42.98
2025-05-23,1,1,44.52
2025-05-24,1,1,57.0
2025-05-25,1,1,51.76
2025-05-26,1,1,42.06
2025-05-27,1,1,45.92
2025-05-28,1,1,39.74
2025-05-29,1,1,45.98
2025-05-30,1,1,41.78
2025-05-31,1,1,53.72
2025-06-01,1,1,53.39
2025-06-02,1,1,45.92
2025-06-03,1,1,43.16
2025-06-04,1,1,46.04
2025-06-05,1,1,45.03
2025-06-06,1,1,42.22
2025-06-07,1,1,54.78
2025-06-08,1,1,60.28
2025-06-09,1,1,42.62
2025-06-10,1,1,43.46
2025-06-11,1,1,44.46
2025-06-12,1,1,43.84
2025-06-13,1,1,41.11
2025-06-14,1,1,51.05
2025-06-15,1,1,52.97
2025-06-16,1,1,43.97
2025-06-17,1,1,38.75
2025-06-18,1,1,48.19
2025-06-19,1,1,38.46
2025-06-20,1,1,42.75
2025-06-21,1,1,53.93
2025-06-22,1,1,53.52
2025-06-23,1,1,43.22
2025-06-24,1,1,40.82
2025-06-25,1,1,42.28
2025-06-26,1,1,43.47
2025-06-27,1,1,43.24
2025-06-28,1,1,53.12
2025-06-29,1,1,51.88
2025-06-30,1,1,44.79
2025-07-01,1,1,47.85
2025-07-02,1,1,42.79
2025-07-03,1,1,43.78
2025-07-04,1,1,46.34
2025-07-05,1,1,55.93
2025-07-06,1,1,58.01
2025-07-07,1,1,45.21
2025-07-08,1,1,42.85
2025-07-09,1,1,42.33
2025-07-10,1,1,42.01
2025-07-11,1,1,46.08
2025-07-12,1,1,56.93
2025-07-13,1,1,50.81
2025-07-14,1,1,43.34
2025-07-15,1,1,44.15
2025-07-16,1,1,44.22
2025-07-17,1,1,44.08
2025-07-18,1,1,44.63
2025-07-19,1,1,58.0
2025-07-20,1,1,52.54
2025-07-21,1,1,45.18
2025-07-22,1,1,42.86
2025-07-23,1,1,48.21
2025-07-24,1,1,45.85
2025-07-25,1,1,45.21
2025-07-26,1,1,54.16
2025-07-27,1,1,53.7
2025-07-28,1,1,44.54
2025-07-29,1,1,44.72
2025-07-30,1,1,41.11
2025-07-31,1,1,46.11
2025-08-01,1,1,46.19
2025-08-02,1,1,53.08
2025-08-03,1,1,54.11
2025-08-04,1,1,46.07
2025-08-05,1,1,43.13
2025-08-06,1,1,45.25
2025-08-07,1,1,47.09
2025-08-08,1,1,44.53
2025-08-09,1,1,53.38
2025-08-10,1,1,52.27
2025-08-11,1,1,50.8
2025-08-12,1,1,43.51
2025-08-13,1,1,43.06
2025-08-14,1,1,43.8
2025-08-15,1,1,44.72
2025-08-16,1,1,55.14
2025-08-17,1,1,56.67
2025-08-18,1,1,43.66
2025-08-19,1,1,44.15
2025-08-20,1,1,45.08
2025-08-21,1,1,45.71
2025-08-22,1,1,43.99
2025-08-23,1,1,53.94
2025-08-24,1,1,58.3
2025-08-25,1,1,42.82
2025-08-26,1,1,46.39
2025-08-27,1,1,45.71
2025-08-28,1,1,44.42
2025-08-29,1,1,43.9
2025-08-30,1,1,58.29
2025-08-31,1,1,58.61
2025-09-01,1,1,43.13
2025-09-02,1,1,44.22
2025-09-03,1,1,46.0
2025-09-04,1,1,41.69
2025-09-05,1,1,45.58
2025-09-06,1,1,56.11
2025-09-07,1,1,53.39
2025-09-08,1,1,46.2
2025-09-09,1,1,42.17
2025-09-10,1,1,46.02
2025-09-11,1,1,42.71
2025-09-12,1,1,40.29
2025-09-13,1,1,57.07
2025-09-14,1,1,56.61
2025-09-15,1,1,43.34
2025-09-16,1,1,48.84
2025-09-17,1,1,45.51
2025-09-18,1,1,46.81
2025-09-19,1,1,43.55
2025-09-20,1,1,56.22
2025-09-21,1,1,55.3
2025-09-22,1,1,47.09
2025-09-23,1,1,47.53
2025-09-24,1,1,44.63
2025-09-25,1,1,47.28
2025-09-26,1,1,43.74
2025-09-27,1,1,62.92
2025-09-28,1,1,58.09
2025-09-29,1,1,48.45
2025-09-30,1,1,41.23
2025-03-15,1,2,65.39
2025-03-16,1,2,63.72
2025-03-17,1,2,53.35
2025-03-18,1,2,54.87
2025-03-19,1,2,54.2
2025-03-20,1,2,55.19
2025-03-21,1,2,50.6
2025-03-22,1,2,68.83
2025-03-23,1,2,64.51
2025-03-24,1,2,58.35
2025-03-25,1,2,52.87
2025-03-26,1,2,55.49
2025-03-27,1,2,61.26
2025-03-28,1,2,53.21
2025-03-29,1,2,61.98
2025-03-30,1,2,63.89
2025-03-31,1,2,55.95
2025-04-01,1,2,56.41
2025-04-02,1,2,57.63
2025-04-03,1,2,54.55
2025-04-04,1,2,51.88
2025-04-05,1,2,64.24
2025-04-06,1,2,67.61
2025-04-07,1,2,56.08
2025-04-08,1,2,51.25
2025-04-09,1,2,55.12
2025-04-10,1,2,58.0
2025-04-11,1,2,59.48
2025-04-12,1,2,66.37
2025-04-13,1,2,65.89
2025-04-14,1,2,52.81
2025-04-15,1,2,53.62
2025-04-16,1,2,55.42
2025-04-17,1,2,56.35
2025-04-18,1,2,56.53
2025-04-19,1,2,64.43
2025-04-20,1,2,63.1
2025-04-21,1,2,53.87
2025-04-22,1,2,53.13
2025-04-23,1,2,56.75
2025-04-24,1,2,50.86
2025-04-25,1,2,54.84
2025-04-26,1,2,66.43
2025-04-27,1,2,68.59
2025-04-28,1,2,55.71
2025-04-29,1,2,57.59
2025-04-30,1,2,54.81
2025-05-01,1,2,54.14
2025-05-02,1,2,54.3
2025-05-03,1,2,68.72
2025-05-04,1,2,67.67
2025-05-05,1,2,56.68
2025-05-06,1,2,62.39
2025-05-07,1,2,55.68
2025-05-08,1,2,57.01
2025-05-09,1,2,56.4
2025-05-10,1,2,65.36
2025-05-11,1,2,70.46
2025-05-12,1,2,58.86
2025-05-13,1,2,53.07
2025-05-14,1,2,55.09
2025-05-15,1,2,56.76
2025-05-16,1,2,57.49
2025-05-17,1,2,63.25
2025-05-18,1,2,61.46
2025-05-19,1,2,52.17
2025-05-20,1,2,55.86
2025-05-21,1,2,55.82
2025-05-22,1,2,56.74
2025-05-23,1,2,54.53
2025-05-24,1,2,63.64
2025-05-25,1,2,62.06
2025-05-26,1,2,56.78
2025-05-27,1,2,56.89
2025-05-28,1,2,58.15
2025-05-29,1,2,57.77
2025-05-30,1,2,55.83
2025-05-31,1,2,68.93
2025-06-01,1,2,65.97
2025-06-02,1,2,54.94
2025-06-03,1,2,55.25
2025-06-04,1,2,55.14
2025-06-05,1,2,52.0
2025-06-06,1,2,56.66
2025-06-07,1,2,66.87
2025-06-08,1,2,65.66
2025-06-09,1,2,54.98
2025-06-10,1,2,57.17
2025-06-11,1,2,59.88
2025-06-12,1,2,56.54
2025-06-13,1,2,55.47
2025-06-14,1,2,65.32
2025-06-15,1,2,66.39
2025-06-16,1,2,54.02
2025-06-17,1,2,56.32
2025-06-18,1,2,56.71
2025-06-19,1,2,60.3
2025-06-20,1,2,58.51
2025-06-21,1,2,68.71
2025-06-22,1,2,65.24
2025-06-23,1,2,58.03
2025-06-24,1,2,54.43
2025-06-25,1,2,57.35
2025-06-26,1,2,57.58
2025-06-27,1,2,55.23
2025-06-28,1,2,70.79
2025-06-29,1,2,67.94
2025-06-30,1,2,53.02
2025-07-01,1,2,57.95
2025-07-02,1,2,56.05
2025-07-03,1,2,56.89
2025-07-04,1,2,57.84
2025-07-05,1,2,67.71
2025-07-06,1,2,62.87
2025-07-07,1,2,54.65
2025-07-08,1,2,58.53
2025-07-09,1,2,59.61
2025-07-10,1,2,60.83
2025-07-11,1,2,60.65
2025-07-12,1,2,62.96
2025-07-13,1,2,68.63
2025-07-14,1,2,53.27
2025-07-15,1,2,60.35
2025-07-16,1,2,57.65
2025-07-17,1,2,54.88
2025-07-18,1,2,61.21
2025-07-19,1,2,68.49
2025-07-20,1,2,63.44
2025-07-21,1,2,57.83
2025-07-22,1,2,55.8
2025-07-23,1,2,57.51
2025-07-24,1,2,56.38
2025-07-25,1,2,60.07
2025-07-26,1,2,64.5
2025-07-27,1,2,68.0
2025-07-28,1,2,61.01
2025-07-29,1,2,55.75
2025-07-30,1,2,57.85
2025-07-31,1,2,57.85
2025-08-01,1,2,56.09
2025-08-02,1,2,68.78
2025-08-03,1,2,67.7
2025-08-04,1,2,55.64
2025-08-05,1,2,61.07
2025-08-06,1,2,59.15
2025-08-07,1,2,57.25
2025-08-08,1,2,56.33
2025-08-09,1,2,66.06
2025-08-10,1,2,70.11
2025-08-11,1,2,57.37
2025-08-12,1,2,58.61
2025-08-13,1,2,57.34
2025-08-14,1,2,58.96
2025-08-15,1,2,57.51
2025-08-16,1,2,69.29
2025-08-17,1,2,67.42
2025-08-18,1,2,59.47
2025-08-19,1,2,59.17
2025-08-20,1,2,57.61
2025-08-21,1,2,56.15
2025-08-22,1,2,56.01
2025-08-23,1,2,66.43
2025-08-24,1,2,65.96
2025-08-25,1,2,59.68
2025-08-26,1,2,57.87
2025-08-27,1,2,61.13
2025-08-28,1,2,62.57
2025-08-29,1,2,58.07
2025-08-30,1,2,64.95
2025-08-31,1,2,67.3
2025-09-01,1,2,57.94
2025-09-02,1,2,55.13
2025-09-03,1,2,57.63
2025-09-04,1,2,58.72
2025-09-05,1,2,57.25
2025-09-06,1,2,66.65
2025-09-07,1,2,66.69
2025-09-08,1,2,61.8
2025-09-09,1,2,57.93
2025-09-10,1,2,56.61
2025-09-11,1,2,57.54
2025-09-12,1,2,60.22
2025-09-13,1,2,66.96
2025-09-14,1,2,69.31
2025-09-15,1,2,59.82
2025-09-16,1,2,59.88
2025-09-17,1,2,61.21
2025-09-18,1,2,57.33
2025-09-19,1,2,60.71
2025-09-20,1,2,66.88
2025-09-21,1,2,67.69
2025-09-22,1,2,60.9
2025-09-23,1,2,60.17
2025-09-24,1,2,58.55
2025-09-25,1,2,56.18
2025-09-26,1,2,59.71
2025-09-27,1,2,67.35
2025-09-28,1,2,66.78
2025-09-29,1,2,57.35
2025-09-30,1,2,59.16
2025-03-15,1,3,47.19
2025-03-16,1,3,42.24
2025-03-17,1,3,34.74
2025-03-18,1,3,35.09
2025-03-19,1,3,31.56
2025-03-20,1,3,34.12
2025-03-21,1,3,32.53
2025-03-22,1,3,47.61
2025-03-23,1,3,44.47
2025-03-24,1,3,31.48
2025-03-25,1,3,34.7
2025-03-26,1,3,35.83
2025-03-27,1,3,36.01
2025-03-28,1,3,34.78
2025-03-29,1,3,40.73
2025-03-30,1,3,45.2
2025-03-31,1,3,36.47
2025-04-01,1,3,35.55
2025-04-02,1,3,33.75
2025-04-03,1,3,33.72
2025-04-04,1,3,33.92
2025-04-05,1,3,42.51
2025-04-06,1,3,44.84
2025-04-07,1,3,37.67
2025-04-08,1,3,38.11
2025-04-09,1,3,34.91
2025-04-10,1,3,34.93
2025-04-11,1,3,33.89
2025-04-12,1,3,43.74
2025-04-13,1,3,45.44
2025-04-14,1,3,37.23
2025-04-15,1,3,34.28
2025-04-16,1,3,36.37
2025-04-17,1,3,35.42
2025-04-18,1,3,36.25
2025-04-19,1,3,43.19
2025-04-20,1,3,45.96
2025-04-21,1,3,32.22
2025-04-22,1,3,37.74
2025-04-23,1,3,34.87
2025-04-24,1,3,39.1
2025-04-25,1,3,33.81
2025-04-26,1,3,42.71
2025-04-27,1,3,43.08
2025-04-28,1,3,31.41
2025-04-29,1,3,35.08
2025-04-30,1,3,31.14
2025-05-01,1,3,33.97
2025-05-02,1,3,35.16
2025-05-03,1,3,43.01
2025-05-04,1,3,45.21
2025-05-05,1,3,36.82
2025-05-06,1,3,33.12
2025-05-07,1,3,32.76
2025-05-08,1,3,32.59
2025-05-09,1,3,35.02
2025-05-10,1,3,45.29
2025-05-11,1,3,46.23
2025-05-12,1,3,35.1
2025-05-13,1,3,37.03
2025-05-14,1,3,34.44
2025-05-15,1,3,37.77
2025-05-16,1,3,36.47
2025-05-17,1,3,46.66
2025-05-18,1,3,44.49
2025-05-19,1,3,32.65
2025-05-20,1,3,37.5
2025-05-21,1,3,36.44
2025-05-22,1,3,33.65
2025-05-23,1,3,35.12
2025-05-24,1,3,46.25
2025-05-25,1,3,47.73
2025-05-26,1,3,37.92
2025-05-27,1,3,34.26
2025-05-28,1,3,34.45
2025-05-29,1,3,32.08
2025-05-30,1,3,36.0
2025-05-31,1,3,43.89
2025-06-01,1,3,47.71
2025-06-02,1,3,35.94
2025-06-03,1,3,35.98
2025-06-04,1,3,31.99
2025-06-05,1,3,37.93
2025-06-06,1,3,35.35
2025-06-07,1,3,45.93
2025-06-08,1,3,43.48
2025-06-09,1,3,34.89
2025-06-10,1,3,35.18
2025-06-11,1,3,36.46
2025-06-12,1,3,38.17
2025-06-13,1,3,37.87
2025-06-14,1,3,46.44
2025-06-15,1,3,45.26
2025-06-16,1,3,34.32
2025-06-17,1,3,37.32
2025-06-18,1,3,38.13
2025-06-19,1,3,38.15
2025-06-20,1,3,38.24
2025-06-21,1,3,48.23
2025-06-22,1,3,46.61
2025-06-23,1,3,35.86
2025-06-24,1,3,36.13
2025-06-25,1,3,35.66
2025-06-26,1,3,35.51
2025-06-27,1,3,35.75
2025-06-28,1,3,46.55
2025-06-29,1,3,45.41
2025-06-30,1,3,37.38
2025-07-01,1,3,34.88
2025-07-02,1,3,39.47
2025-07-03,1,3,34.07
2025-07-04,1,3,38.81
2025-07-05,1,3,47.28
2025-07-06,1,3,45.23
2025-07-07,1,3,36.92
2025-07-08,1,3,36.79
2025-07-09,1,3,28.25
2025-07-10,1,3,34.52
2025-07-11,1,3,34.95
2025-07-12,1,3,49.02
2025-07-13,1,3,47.26
2025-07-14,1,3,33.86
2025-07-15,1,3,36.86
2025-07-16,1,3,31.87
2025-07-17,1,3,36.9
2025-07-18,1,3,37.18
2025-07-19,1,3,47.41
2025-07-20,1,3,47.68
2025-07-21,1,3,35.6
2025-07-22,1,3,34.62
2025-07-23,1,3,37.51
2025-07-24,1,3,39.95
2025-07-25,1,3,37.06
2025-07-26,1,3,45.75
2025-07-27,1,3,44.38
2025-07-28,1,3,34.92
2025-07-29,1,3,39.8
2025-07-30,1,3,39.47
2025-07-31,1,3,37.99
2025-08-01,1,3,36.86
2025-08-02,1,3,48.8
2025-08-03,1,3,47.39
2025-08-04,1,3,34.91
2025-08-05,1,3,32.63
2025-08-06,1,3,34.65
2025-08-07,1,3,39.11
2025-08-08,1,3,39.93
2025-08-09,1,3,48.64
2025-08-10,1,3,46.61
2025-08-11,1,3,36.61
2025-08-12,1,3,37.84
2025-08-13,1,3,33.45
2025-08-14,1,3,36.51
2025-08-15,1,3,36.75
2025-08-16,1,3,50.85
2025-08-17,1,3,47.04
2025-08-18,1,3,36.2
2025-08-19,1,3,39.17
2025-08-20,1,3,35.82
2025-08-21,1,3,39.2
2025-08-22,1,3,35.38
2025-08-23,1,3,50.78
2025-08-24,1,3,47.95
2025-08-25,1,3,36.7
2025-08-26,1,3,40.33
2025-08-27,1,3,36.9
2025-08-28,1,3,39.1
2025-08-29,1,3,34.87
2025-08-30,1,3,44.66
2025-08-31,1,3,48.96
2025-09-01,1,3,39.24
2025-09-02,1,3,37.37
2025-09-03,1,3,38.62
2025-09-04,1,3,35.43
2025-09-05,1,3,35.65
2025-09-06,1,3,48.01
2025-09-07,1,3,47.63
2025-09-08,1,3,36.26
2025-09-09,1,3,40.1
2025-09-10,1,3,34.85
2025-09-11,1,3,41.43
2025-09-12,1,3,40.05
2025-09-13,1,3,48.02
2025-09-14,1,3,50.19
2025-09-15,1,3,36.47
2025-09-16,1,3,36.75
2025-09-17,1,3,41.85
2025-09-18,1,3,38.73
2025-09-19,1,3,38.63
2025-09-20,1,3,49.33
2025-09-21,1,3,48.63
2025-09-22,1,3,36.37
2025-09-23,1,3,40.4
2025-09-24,1,3,36.03
2025-09-25,1,3,38.13
2025-09-26,1,3,38.48
2025-09-27,1,3,49.01
2025-09-28,1,3,47.96
2025-09-29,1,3,37.82
2025-09-30,1,3,36.0
2025-03-15,1,4,56.07
2025-03-16,1,4,54.45
2025-03-17,1,4,43.61
2025-03-18,1,4,47.38
2025-03-19,1,4,48.38
2025-03-20,1,4,48.0
2025-03-21,1,4,46.63
2025-03-22,1,4,55.66
2025-03-23,1,4,55.3
2025-03-24,1,4,46.19
2025-03-25,1,4,45.25
2025-03-26,1,4,46.93
2025-03-27,1,4,47.31
2025-03-28,1,4,45.59
2025-03-29,1,4,56.93
2025-03-30,1,4,55.9
2025-03-31,1,4,47.43
2025-04-01,1,4,48.47
2025-04-02,1,4,47.83
2025-04-03,1,4,48.44
2025-04-04,1,4,44.21
2025-04-05,1,4,56.78
2025-04-06,1,4,58.11
2025-04-07,1,4,48.86
2025-04-08,1,4,44.4
2025-04-09,1,4,47.94
2025-04-10,1,4,50.05
2025-04-11,1,4,47.3
2025-04-12,1,4,57.49
2025-04-13,1,4,58.6
2025-04-14,1,4,48.21
2025-04-15,1,4,49.09
2025-04-16,1,4,47.9
2025-04-17,1,4,48.08
2025-04-18,1,4,46.23
2025-04-19,1,4,57.48
2025-04-20,1,4,60.34
2025-04-21,1,4,47.45
2025-04-22,1,4,47.54
2025-04-23,1,4,46.91
2025-04-24,1,4,49.49
2025-04-25,1,4,46.23
2025-04-26,1,4,59.78
2025-04-27,1,4,56.1
2025-04-28,1,4,45.88
2025-04-29,1,4,48.43
2025-04-30,1,4,48.3
2025-05-01,1,4,48.65
2025-05-02,1,4,50.2
2025-05-03,1,4,57.27
2025-05-04,1,4,59.0
2025-05-05,1,4,46.32
2025-05-06,1,4,50.68
2025-05-07,1,4,49.44
2025-05-08,1,4,49.27
2025-05-09,1,4,48.59
2025-05-10,1,4,56.67
2025-05-11,1,4,57.6
2025-05-12,1,4,49.28
2025-05-13,1,4,48.26
2025-05-14,1,4,48.56
2025-05-15,1,4,45.62
2025-05-16,1,4,48.72
2025-05-17,1,4,56.99
2025-05-18,1,4,56.23
2025-05-19,1,4,48.11
2025-05-20,1,4,44.72
2025-05-21,1,4,49.85
2025-05-22,1,4,50.18
2025-05-23,1,4,48.39
2025-05-24,1,4,56.53
2025-05-25,1,4,56.65
2025-05-26,1,4,48.26
2025-05-27,1,4,43.73
2025-05-28,1,4,48.96
2025-05-29,1,4,49.95
2025-05-30,1,4,48.01
2025-05-31,1,4,57.67
2025-06-01,1,4,59.04
2025-06-02,1,4,49.4
2025-06-03,1,4,50.91
2025-06-04,1,4,48.77
2025-06-05,1,4,47.38
2025-06-06,1,4,47.85
2025-06-07,1,4,59.16
2025-06-08,1,4,61.93
2025-06-09,1,4,48.2
2025-06-10,1,4,46.75
2025-06-11,1,4,47.14
2025-06-12,1,4,44.7
2025-06-13,1,4,49.58
2025-06-14,1,4,56.21
2025-06-15,1,4,56.49
2025-06-16,1,4,45.03
2025-06-17,1,4,46.76
2025-06-18,1,4,50.15
2025-06-19,1,4,46.41
2025-06-20,1,4,45.56
2025-06-21,1,4,59.43
2025-06-22,1,4,58.42
2025-06-23,1,4,49.98
2025-06-24,1,4,50.62
2025-06-25,1,4,49.14
2025-06-26,1,4,46.58
2025-06-27,1,4,48.95
2025-06-28,1,4,60.22
2025-06-29,1,4,58.07
2025-06-30,1,4,46.38
2025-07-01,1,4,51.48
2025-07-02,1,4,48.47
2025-07-03,1,4,48.5
2025-07-04,1,4,49.37
2025-07-05,1,4,61.42
2025-07-06,1,4,59.9
2025-07-07,1,4,48.73
2025-07-08,1,4,50.78
2025-07-09,1,4,53.73
2025-07-10,1,4,52.23
2025-07-11,1,4,50.82
2025-07-12,1,4,57.25
2025-07-13,1,4,67.02
2025-07-14,1,4,47.14
2025-07-15,1,4,48.81
2025-07-16,1,4,48.18
2025-07-17,1,4,52.85
2025-07-18,1,4,50.46
2025-07-19,1,4,56.78
2025-07-20,1,4,60.19
2025-07-21,1,4,50.77
2025-07-22,1,4,49.06
2025-07-23,1,4,47.28
2025-07-24,1,4,48.29
2025-07-25,1,4,48.88
2025-07-26,1,4,59.82
2025-07-27,1,4,58.76
2025-07-28,1,4,51.29
2025-07-29,1,4,47.94
2025-07-30,1,4,46.39
2025-07-31,1,4,48.4
2025-08-01,1,4,52.6
2025-08-02,1,4,58.77
2025-08-03,1,4,64.62
2025-08-04,1,4,50.94
2025-08-05,1,4,47.65
2025-08-06,1,4,48.33
2025-08-07,1,4,50.5
2025-08-08,1,4,47.68
2025-08-09,1,4,64.81
2025-08-10,1,4,58.1
2025-08-11,1,4,51.46
2025-08-12,1,4,53.04
2025-08-13,1,4,49.92
2025-08-14,1,4,48.17
2025-08-15,1,4,49.63
2025-08-16,1,4,60.92
2025-08-17,1,4,61.97
2025-08-18,1,4,50.35
2025-08-19,1,4,47.46
2025-08-20,1,4,50.36
2025-08-21,1,4,48.95
2025-08-22,1,4,45.95
2025-08-23,1,4,58.94
2025-08-24,1,4,57.49
2025-08-25,1,4,51.55
2025-08-26,1,4,54.29
2025-08-27,1,4,54.13
2025-08-28,1,4,49.29
2025-08-29,1,4,49.52
2025-08-30,1,4,61.85
2025-08-31,1,4,62.62
2025-09-01,1,4,49.68
2025-09-02,1,4,50.25
2025-09-03,1,4,54.97
2025-09-04,1,4,50.36
2025-09-05,1,4,49.63
2025-09-06,1,4,60.86
2025-09-07,1,4,61.8
2025-09-08,1,4,48.61
2025-09-09,1,4,50.18
2025-09-10,1,4,48.36
2025-09-11,1,4,50.16
2025-09-12,1,4,54.49
2025-09-13,1,4,62.24
2025-09-14,1,4,60.59
2025-09-15,1,4,48.93
2025-09-16,1,4,50.19
2025-09-17,1,4,52.94
2025-09-18,1,4,49.73
2025-09-19,1,4,53.78
2025-09-20,1,4,58.15
2025-09-21,1,4,60.34
2025-09-22,1,4,54.42
2025-09-23,1,4,46.94
2025-09-24,1,4,53.35
2025-09-25,1,4,47.29
2025-09-26,1,4,50.84
2025-09-27,1,4,60.69
2025-09-28,1,4,62.71
2025-09-29,1,4,44.77
2025-09-30,1,4,47.26
2025-03-15,1,5,46.51
2025-03-16,1,5,47.05
2025-03-17,1,5,33.65
2025-03-18,1,5,37.19
2025-03-19,1,5,32.99
2025-03-20,1,5,34.54
2025-03-21,1,5,34.59
2025-03-22,1,5,46.34
2025-03-23,1,5,44.35
2025-03-24,1,5,32.75
2025-03-25,1,5,35.59
2025-03-26,1,5,38.69
2025-03-27,1,5,38.46
2025-03-28,1,5,36.19
2025-03-29,1,5,44.3
2025-03-30,1,5,41.82
2025-03-31,1,5,33.13
2025-04-01,1,5,37.31
2025-04-02,1,5,37.81
2025-04-03,1,5,30.34
2025-04-04,1,5,34.88
2025-04-05,1,5,45.47
2025-04-06,1,5,42.8
2025-04-07,1,5,35.46
2025-04-08,1,5,38.3
2025-04-09,1,5,32.56
2025-04-10,1,5,33.28
2025-04-11,1,5,36.47
2025-04-12,1,5,42.51
2025-04-13,1,5,46.47
2025-04-14,1,5,33.17
2025-04-15,1,5,37.22
2025-04-16,1,5,36.95
2025-04-17,1,5,37.55
2025-04-18,1,5,37.5
2025-04-19,1,5,45.38
2025-04-20,1,5,44.73
2025-04-21,1,5,33.06
2025-04-22,1,5,38.13
2025-04-23,1,5,32.67
2025-04-24,1,5,37.07
2025-04-25,1,5,34.34
2025-04-26,1,5,44.58
2025-04-27,1,5,48.8
2025-04-28,1,5,36.15
2025-04-29,1,5,31.88
2025-04-30,1,5,36.69
2025-05-01,1,5,36.14
2025-05-02,1,5,32.93
2025-05-03,1,5,42.71
2025-05-04,1,5,49.35
2025-05-05,1,5,36.0
2025-05-06,1,5,35.24
2025-05-07,1,5,36.46
2025-05-08,1,5,33.41
2025-05-09,1,5,33.11
2025-05-10,1,5,43.27
2025-05-11,1,5,47.24
2025-05-12,1,5,36.7
2025-05-13,1,5,35.86
2025-05-14,1,5,36.71
2025-05-15,1,5,34.66
2025-05-16,1,5,35.48
2025-05-17,1,5,47.09
2025-05-18,1,5,43.78
2025-05-19,1,5,35.83
2025-05-20,1,5,36.68
2025-05-21,1,5,35.2
2025-05-22,1,5,39.95
2025-05-23,1,5,38.34
2025-05-24,1,5,45.35
2025-05-25,1,5,45.44
2025-05-26,1,5,37.42
2025-05-27,1,5,35.91
2025-05-28,1,5,35.03
2025-05-29,1,5,36.9
2025-05-30,1,5,36.54
2025-05-31,1,5,46.85
2025-06-01,1,5,48.04
2025-06-02,1,5,32.56
2025-06-03,1,5,36.12
2025-06-04,1,5,35.6
2025-06-05,1,5,34.95
2025-06-06,1,5,37.35
2025-06-07,1,5,44.28
2025-06-08,1,5,45.24
2025-06-09,1,5,35.4
2025-06-10,1,5,37.47
2025-06-11,1,5,37.55
2025-06-12,1,5,35.71
2025-06-13,1,5,35.11
2025-06-14,1,5,48.38
2025-06-15,1,5,47.08
2025-06-16,1,5,39.49
2025-06-17,1,5,31.32
2025-06-18,1,5,34.09
2025-06-19,1,5,35.41
2025-06-20,1,5,42.28
2025-06-21,1,5,46.12
2025-06-22,1,5,45.67
2025-06-23,1,5,34.25
2025-06-24,1,5,35.83
2025-06-25,1,5,37.05
2025-06-26,1,5,36.46
2025-06-27,1,5,35.27
2025-06-28,1,5,45.68
2025-06-29,1,5,48.51
2025-06-30,1,5,36.24
2025-07-01,1,5,38.02
2025-07-02,1,5,34.61
2025-07-03,1,5,35.53
2025-07-04,1,5,39.53
2025-07-05,1,5,45.09
2025-07-06,1,5,45.22
2025-07-07,1,5,36.78
2025-07-08,1,5,34.45
2025-07-09,1,5,38.84
2025-07-10,1,5,34.98
2025-07-11,1,5,39.76
2025-07-12,1,5,45.77
2025-07-13,1,5,46.65
2025-07-14,1,5,39.46
2025-07-15,1,5,34.62
2025-07-16,1,5,35.94
2025-07-17,1,5,38.93
2025-07-18,1,5,38.43
2025-07-19,1,5,47.53
2025-07-20,1,5,46.33
2025-07-21,1,5,39.27
2025-07-22,1,5,39.45
2025-07-23,1,5,40.06
2025-07-24,1,5,37.22
2025-07-25,1,5,40.9
2025-07-26,1,5,45.74
2025-07-27,1,5,47.55
2025-07-28,1,5,41.46
2025-07-29,1,5,34.15
2025-07-30,1,5,38.19
2025-07-31,1,5,37.75
2025-08-01,1,5,36.0
2025-08-02,1,5,51.68
2025-08-03,1,5,51.25
2025-08-04,1,5,41.18
2025-08-05,1,5,41.93
2025-08-06,1,5,39.96
2025-08-07,1,5,35.46
2025-08-08,1,5,43.14
2025-08-09,1,5,47.32
2025-08-10,1,5,48.64
2025-08-11,1,5,36.22
2025-08-12,1,5,38.12
2025-08-13,1,5,37.73
2025-08-14,1,5,35.93
2025-08-15,1,5,37.59
2025-08-16,1,5,46.72
2025-08-17,1,5,45.49
2025-08-18,1,5,34.95
2025-08-19,1,5,36.29
2025-08-20,1,5,39.09
2025-08-21,1,5,37.86
2025-08-22,1,5,38.28
2025-08-23,1,5,48.7
2025-08-24,1,5,50.19
2025-08-25,1,5,36.59
2025-08-26,1,5,39.53
2025-08-27,1,5,37.62
2025-08-28,1,5,41.79
2025-08-29,1,5,39.82
2025-08-30,1,5,49.82
2025-08-31,1,5,47.5
2025-09-01,1,5,37.51
2025-09-02,1,5,39.05
2025-09-03,1,5,40.08
2025-09-04,1,5,37.93
2025-09-05,1,5,37.61
2025-09-06,1,5,48.58
2025-09-07,1,5,49.37
2025-09-08,1,5,37.87
2025-09-09,1,5,35.74
2025-09-10,1,5,39.47
2025-09-11,1,5,38.43
2025-09-12,1,5,33.83
2025-09-13,1,5,45.8
2025-09-14,1,5,50.3
2025-09-15,1,5,39.88
2025-09-16,1,5,40.44
2025-09-17,1,5,40.64
2025-09-18,1,5,40.13
2025-09-19,1,5,34.67
2025-09-20,1,5,51.5
2025-09-21,1,5,50.72
2025-09-22,1,5,39.25
2025-09-23,1,5,34.28
2025-09-24,1,5,40.6
2025-09-25,1,5,39.48
2025-09-26,1,5,38.21
2025-09-27,1,5,47.97
2025-09-28,1,5,46.67
2025-09-29,1,5,40.86
2025-09-30,1,5,38.75
2025-03-15,2,1,41.29
2025-03-16,2,1,41.89
2025-03-17,2,1,32.23
2025-03-18,2,1,29.18
2025-03-19,2,1,29.5
2025-03-20,2,1,28.57
2025-03-21,2,1,30.7
2025-03-22,2,1,40.82
2025-03-23,2,1,41.42
2025-03-24,2,1,29.64
2025-03-25,2,1,32.93
2025-03-26,2,1,32.97
2025-03-27,2,1,34.25
2025-03-28,2,1,32.6
2025-03-29,2,1,41.57
2025-03-30,2,1,42.56
2025-03-31,2,1,32.46
2025-04-01,2,1,29.95
2025-04-02,2,1,33.86
2025-04-03,2,1,34.73
2025-04-04,2,1,35.27
2025-04-05,2,1,41.41
2025-04-06,2,1,42.0
2025-04-07,2,1,32.21
2025-04-08,2,1,31.39
2025-04-09,2,1,32.65
2025-04-10,2,1,31.19
2025-04-11,2,1,31.07
2025-04-12,2,1,44.99
2025-04-13,2,1,41.83
2025-04-14,2,1,31.65
2025-04-15,2,1,33.3
2025-04-16,2,1,31.86
2025-04-17,2,1,32.16
2025-04-18,2,1,31.47
2025-04-19,2,1,39.18
2025-04-20,2,1,41.57
2025-04-21,2,1,29.38
2025-04-22,2,1,32.1
2025-04-23,2,1,29.33
2025-04-24,2,1,33.55
2025-04-25,2,1,33.23
2025-04-26,2,1,42.32
2025-04-27,2,1,41.58
2025-04-28,2,1,32.63
2025-04-29,2,1,27.89
2025-04-30,2,1,29.64
2025-05-01,2,1,31.56
2025-05-02,2,1,32.57
2025-05-03,2,1,41.74
2025-05-04,2,1,39.91
2025-05-05,2,1,32.2
2025-05-06,2,1,31.05
2025-05-07,2,1,29.84
2025-05-08,2,1,32.66
2025-05-09,2,1,31.6
2025-05-10,2,1,44.43
2025-05-11,2,1,43.39
2025-05-12,2,1,33.55
2025-05-13,2,1,32.74
2025-05-14,2,1,30.43
2025-05-15,2,1,30.27
2025-05-16,2,1,29.21
2025-05-17,2,1,47.93
2025-05-18,2,1,40.04
2025-05-19,2,1,31.8
2025-05-20,2,1,31.52
2025-05-21,2,1,31.69
2025-05-22,2,1,31.11
2025-05-23,2,1,28.56
2025-05-24,2,1,40.32
2025-05-25,2,1,39.55
2025-05-26,2,1,32.1
2025-05-27,2,1,31.01
2025-05-28,2,1,31.02
2025-05-29,2,1,32.85
2025-05-30,2,1,31.27
2025-05-31,2,1,44.32
2025-06-01,2,1,41.7
2025-06-02,2,1,32.95
2025-06-03,2,1,29.87
2025-06-04,2,1,33.85
2025-06-05,2,1,31.75
2025-06-06,2,1,33.39
2025-06-07,2,1,43.26
2025-06-08,2,1,42.27
2025-06-09,2,1,33.07
2025-06-10,2,1,31.89
2025-06-11,2,1,35.37
2025-06-12,2,1,34.56
2025-06-13,2,1,33.68
2025-06-14,2,1,40.38
2025-06-15,2,1,40.56
2025-06-16,2,1,31.45
2025-06-17,2,1,32.31
2025-06-18,2,1,33.71
2025-06-19,2,1,31.04
2025-06-20,2,1,35.21
2025-06-21,2,1,42.88
2025-06-22,2,1,38.87
2025-06-23,2,1,31.97
2025-06-24,2,1,27.77
2025-06-25,2,1,31.45
2025-06-26,2,1,31.88
2025-06-27,2,1,31.78
2025-06-28,2,1,42.37
2025-06-29,2,1,42.25
2025-06-30,2,1,31.87
2025-07-01,2,1,36.08
2025-07-02,2,1,35.53
2025-07-03,2,1,30.83
2025-07-04,2,1,35.64
2025-07-05,2,1,39.91
2025-07-06,2,1,41.55
2025-07-07,2,1,36.25
2025-07-08,2,1,28.74
2025-07-09,2,1,34.39
2025-07-10,2,1,30.75
2025-07-11,2,1,32.99
2025-07-12,2,1,42.94
2025-07-13,2,1,46.71
2025-07-14,2,1,31.72
2025-07-15,2,1,33.22
2025-07-16,2,1,34.63
2025-07-17,2,1,32.89
2025-07-18,2,1,31.77
2025-07-19,2,1,43.32
2025-07-20,2,1,43.64
2025-07-21,2,1,35.24
2025-07-22,2,1,31.61
2025-07-23,2,1,32.62
2025-07-24,2,1,34.18
2025-07-25,2,1,33.22
2025-07-26,2,1,43.21
2025-07-27,2,1,43.56
2025-07-28,2,1,32.22
2025-07-29,2,1,32.04
2025-07-30,2,1,34.54
2025-07-31,2,1,31.49
2025-08-01,2,1,36.03
2025-08-02,2,1,44.15
2025-08-03,2,1,41.18
2025-08-04,2,1,34.32
2025-08-05,2,1,34.11
2025-08-06,2,1,35.32
2025-08-07,2,1,36.13
2025-08-08,2,1,33.1
2025-08-09,2,1,42.44
2025-08-10,2,1,42.66
2025-08-11,2,1,31.93
2025-08-12,2,1,32.42
2025-08-13,2,1,34.51
2025-08-14,2,1,33.99
2025-08-15,2,1,32.99
2025-08-16,2,1,42.52
2025-08-17,2,1,44.71
2025-08-18,2,1,33.03
2025-08-19,2,1,31.98
2025-08-20,2,1,33.77
2025-08-21,2,1,33.57
2025-08-22,2,1,31.98
2025-08-23,2,1,45.79
2025-08-24,2,1,45.85
2025-08-25,2,1,34.26
2025-08-26,2,1,34.46
2025-08-27,2,1,35.27
2025-08-28,2,1,34.17
2025-08-29,2,1,36.04
2025-08-30,2,1,47.59
2025-08-31,2,1,44.46
2025-09-01,2,1,35.2
2025-09-02,2,1,36.08
2025-09-03,2,1,33.68
2025-09-04,2,1,32.12
2025-09-05,2,1,36.21
2025-09-06,2,1,41.28
2025-09-07,2,1,48.01
2025-09-08,2,1,36.2
2025-09-09,2,1,34.85
2025-09-10,2,1,34.6
2025-09-11,2,1,38.02
2025-09-12,2,1,32.64
2025-09-13,2,1,42.24
2025-09-14,2,1,43.38
2025-09-15,2,1,34.07
2025-09-16,2,1,32.6
2025-09-17,2,1,34.94
2025-09-18,2,1,34.93
2025-09-19,2,1,33.05
2025-09-20,2,1,47.9
2025-09-21,2,1,41.93
2025-09-22,2,1,32.18
2025-09-23,2,1,35.51
2025-09-24,2,1,34.36
2025-09-25,2,1,35.63
2025-09-26,2,1,33.58
2025-09-27,2,1,42.77
2025-09-28,2,1,43.57
2025-09-29,2,1,33.51
2025-09-30,2,1,35.95
2025-03-15,2,2,37.67
2025-03-16,2,2,39.35
2025-03-17,2,2,27.34
2025-03-18,2,2,28.27
2025-03-19,2,2,24.02
2025-03-20,2,2,28.11
2025-03-21,2,2,26.51
2025-03-22,2,2,41.03
2025-03-23,2,2,39.98
2025-03-24,2,2,25.12
2025-03-25,2,2,28.58
2025-03-26,2,2,29.62
2025-03-27,2,2,29.4
2025-03-28,2,2,31.11
2025-03-29,2,2,38.75
2025-03-30,2,2,35.66
2025-03-31,2,2,30.12
2025-04-01,2,2,31.71
2025-04-02,2,2,25.29
2025-04-03,2,2,28.78
2025-04-04,2,2,28.81
2025-04-05,2,2,36.52
2025-04-06,2,2,41.01
2025-04-07,2,2,27.56
2025-04-08,2,2,26.91
2025-04-09,2,2,26.67
2025-04-10,2,2,30.65
2025-04-11,2,2,26.7
2025-04-12,2,2,39.28
2025-04-13,2,2,39.47
2025-04-14,2,2,27.29
2025-04-15,2,2,29.5
2025-04-16,2,2,28.81
2025-04-17,2,2,29.61
2025-04-18,2,2,27.24
2025-04-19,2,2,38.9
2025-04-20,2,2,38.34
2025-04-21,2,2,29.22
2025-04-22,2,2,29.43
2025-04-23,2,2,28.36
2025-04-24,2,2,31.66
2025-04-25,2,2,26.14
2025-04-26,2,2,37.33
2025-04-27,2,2,37.56
2025-04-28,2,2,26.68
2025-04-29,2,2,29.77
2025-04-30,2,2,30.3
2025-05-01,2,2,25.11
2025-05-02,2,2,25.77
2025-05-03,2,2,40.39
2025-05-04,2,2,38.26
2025-05-05,2,2,27.86
2025-05-06,2,2,28.19
2025-05-07,2,2,29.51
2025-05-08,2,2,30.22
2025-05-09,2,2,29.73
2025-05-10,2,2,40.88
2025-05-11,2,2,38.33
2025-05-12,2,2,28.91
2025-05-13,2,2,27.15
2025-05-14,2,2,30.18
2025-05-15,2,2,30.83
2025-05-16,2,2,27.53
2025-05-17,2,2,40.36
2025-05-18,2,2,38.39
2025-05-19,2,2,29.41
2025-05-20,2,2,28.46
2025-05-21,2,2,30.79
2025-05-22,2,2,28.11
2025-05-23,2,2,30.64
2025-05-24,2,2,36.8
2025-05-25,2,2,37.66
2025-05-26,2,2,29.27
2025-05-27,2,2,29.15
2025-05-28,2,2,32.25
2025-05-29,2,2,31.46
2025-05-30,2,2,29.12
2025-05-31,2,2,42.95
2025-06-01,2,2,37.43
2025-06-02,2,2,26.23
2025-06-03,2,2,31.14
2025-06-04,2,2,28.61
2025-06-05,2,2,28.96
2025-06-06,2,2,29.39
2025-06-07,2,2,36.88
2025-06-08,2,2,44.22
2025-06-09,2,2,29.36
2025-06-10,2,2,28.13
2025-06-11,2,2,26.14
2025-06-12,2,2,27.41
2025-06-13,2,2,29.37
2025-06-14,2,2,41.91
2025-06-15,2,2,41.07
2025-06-16,2,2,26.6
2025-06-17,2,2,28.35
2025-06-18,2,2,26.88
2025-06-19,2,2,29.98
2025-06-20,2,2,27.18
2025-06-21,2,2,37.4
2025-06-22,2,2,39.78
2025-06-23,2,2,28.6
2025-06-24,2,2,31.18
2025-06-25,2,2,29.5
2025-06-26,2,2,31.3
2025-06-27,2,2,31.44
2025-06-28,2,2,45.11
2025-06-29,2,2,38.97
2025-06-30,2,2,30.54
2025-07-01,2,2,30.96
2025-07-02,2,2,31.07
2025-07-03,2,2,30.99
2025-07-04,2,2,29.73
2025-07-05,2,2,41.01
2025-07-06,2,2,36.77
2025-07-07,2,2,30.97
2025-07-08,2,2,30.21
2025-07-09,2,2,28.83
2025-07-10,2,2,33.53
2025-07-11,2,2,31.96
2025-07-12,2,2,42.08
2025-07-13,2,2,42.65
2025-07-14,2,2,33.91
2025-07-15,2,2,31.2
2025-07-16,2,2,27.13
2025-07-17,2,2,31.84
2025-07-18,2,2,32.63
2025-07-19,2,2,38.25
2025-07-20,2,2,42.41
2025-07-21,2,2,31.01
2025-07-22,2,2,33.02
2025-07-23,2,2,30.15
2025-07-24,2,2,34.14
2025-07-25,2,2,28.57
2025-07-26,2,2,41.72
2025-07-27,2,2,39.63
2025-07-28,2,2,34.36
2025-07-29,2,2,27.27
2025-07-30,2,2,31.75
2025-07-31,2,2,27.77
2025-08-01,2,2,34.64
2025-08-02,2,2,43.29
2025-08-03,2,2,40.88
2025-08-04,2,2,30.73
2025-08-05,2,2,33.06
2025-08-06,2,2,26.03
2025-08-07,2,2,30.28
2025-08-08,2,2,32.67
2025-08-09,2,2,37.94
2025-08-10,2,2,42.22
2025-08-11,2,2,32.42
2025-08-12,2,2,28.71
2025-08-13,2,2,28.14
2025-08-14,2,2,30.44
2025-08-15,2,2,31.03
2025-08-16,2,2,43.57
2025-08-17,2,2,38.16
2025-08-18,2,2,30.66
2025-08-19,2,2,34.73
2025-08-20,2,2,30.82
2025-08-21,2,2,35.76
2025-08-22,2,2,32.77
2025-08-23,2,2,43.21
2025-08-24,2,2,42.86
2025-08-25,2,2,31.07
2025-08-26,2,2,29.79
2025-08-27,2,2,32.14
2025-08-28,2,2,32.25
2025-08-29,2,2,31.73
2025-08-30,2,2,40.17
2025-08-31,2,2,41.64
2025-09-01,2,2,33.62
2025-09-02,2,2,31.63
2025-09-03,2,2,36.27
2025-09-04,2,2,32.55
2025-09-05,2,2,33.3
2025-09-06,2,2,39.32
2025-09-07,2,2,42.08
2025-09-08,2,2,30.77
2025-09-09,2,2,30.97
2025-09-10,2,2,35.52
2025-09-11,2,2,31.51
2025-09-12,2,2,30.87
2025-09-13,2,2,41.32
2025-09-14,2,2,39.84
2025-09-15,2,2,32.77
2025-09-16,2,2,32.0
2025-09-17,2,2,31.86
2025-09-18,2,2,35.81
2025-09-19,2,2,28.96
2025-09-20,2,2,41.08
2025-09-21,2,2,41.12
2025-09-22,2,2,31.93
2025-09-23,2,2,31.72
2025-09-24,2,2,33.78
2025-09-25,2,2,34.15
2025-09-26,2,2,32.79
2025-09-27,2,2,42.8
2025-09-28,2,2,40.09
2025-09-29,2,2,35.57
2025-09-30,2,2,35.04
2025-03-15,2,3,52.25
2025-03-16,2,3,50.12
2025-03-17,2,3,39.95
2025-03-18,2,3,41.03
2025-03-19,2,3,37.44
2025-03-20,2,3,41.14
2025-03-21,2,3,40.1
2025-03-22,2,3,52.07
2025-03-23,2,3,49.58
2025-03-24,2,3,39.31
2025-03-25,2,3,40.79
2025-03-26,2,3,39.95
2025-03-27,2,3,37.75
2025-03-28,2,3,39.73
2025-03-29,2,3,52.67
2025-03-30,2,3,49.97
2025-03-31,2,3,38.43
2025-04-01,2,3,41.63
2025-04-02,2,3,36.51
2025-04-03,2,3,35.99
2025-04-04,2,3,40.24
2025-04-05,2,3,50.64
2025-04-06,2,3,50.73
2025-04-07,2,3,38.53
2025-04-08,2,3,40.03
2025-04-09,2,3,37.56
2025-04-10,2,3,40.81
2025-04-11,2,3,37.16
2025-04-12,2,3,50.11
2025-04-13,2,3,50.96
2025-04-14,2,3,36.94
2025-04-15,2,3,39.43
2025-04-16,2,3,42.07
2025-04-17,2,3,43.61
2025-04-18,2,3,37.53
2025-04-19,2,3,51.23
2025-04-20,2,3,48.1
2025-04-21,2,3,37.9
2025-04-22,2,3,43.81
2025-04-23,2,3,41.97
2025-04-24,2,3,39.04
2025-04-25,2,3,41.11
2025-04-26,2,3,51.98
2025-04-27,2,3,51.08
2025-04-28,2,3,45.23
2025-04-29,2,3,41.96
2025-04-30,2,3,34.79
2025-05-01,2,3,40.21
2025-05-02,2,3,39.34
2025-05-03,2,3,50.42
2025-05-04,2,3,50.88
2025-05-05,2,3,39.57
2025-05-06,2,3,38.72
2025-05-07,2,3,43.64
2025-05-08,2,3,42.13
2025-05-09,2,3,39.61
2025-05-10,2,3,52.33
2025-05-11,2,3,52.34
2025-05-12,2,3,43.55
2025-05-13,2,3,38.92
2025-05-14,2,3,42.61
2025-05-15,2,3,39.86
2025-05-16,2,3,43.4
2025-05-17,2,3,50.73
2025-05-18,2,3,46.59
2025-05-19,2,3,41.22
2025-05-20,2,3,37.6
2025-05-21,2,3,40.76
2025-05-22,2,3,41.1
2025-05-23,2,3,40.43
2025-05-24,2,3,48.28
2025-05-25,2,3,49.04
2025-05-26,2,3,39.6
2025-05-27,2,3,40.82
2025-05-28,2,3,43.91
2025-05-29,2,3,42.77
2025-05-30,2,3,40.43
2025-05-31,2,3,53.94
2025-06-01,2,3,48.68
2025-06-02,2,3,42.8
2025-06-03,2,3,41.1
2025-06-04,2,3,41.95
2025-06-05,2,3,42.77
2025-06-06,2,3,40.15
2025-06-07,2,3,53.14
2025-06-08,2,3,51.53
2025-06-09,2,3,46.4
2025-06-10,2,3,40.98
2025-06-11,2,3,44.15
2025-06-12,2,3,42.93
2025-06-13,2,3,39.31
2025-06-14,2,3,54.39
2025-06-15,2,3,49.57
2025-06-16,2,3,37.25
2025-06-17,2,3,43.44
2025-06-18,2,3,43.89
2025-06-19,2,3,41.88
2025-06-20,2,3,41.27
2025-06-21,2,3,54.98
2025-06-22,2,3,53.26
2025-06-23,2,3,40.54
2025-06-24,2,3,43.34
2025-06-25,2,3,39.41
2025-06-26,2,3,40.8
2025-06-27,2,3,39.83
2025-06-28,2,3,47.55
2025-06-29,2,3,49.62
2025-06-30,2,3,44.44
2025-07-01,2,3,39.82
2025-07-02,2,3,40.93
2025-07-03,2,3,39.73
2025-07-04,2,3,43.8
2025-07-05,2,3,52.1
2025-07-06,2,3,53.09
2025-07-07,2,3,41.92
2025-07-08,2,3,39.81
2025-07-09,2,3,40.23
2025-07-10,2,3,43.87
2025-07-11,2,3,42.1
2025-07-12,2,3,53.78
2025-07-13,2,3,45.93
2025-07-14,2,3,44.49
2025-07-15,2,3,41.31
2025-07-16,2,3,46.66
2025-07-17,2,3,41.31
2025-07-18,2,3,42.41
2025-07-19,2,3,53.69
2025-07-20,2,3,50.64
2025-07-21,2,3,44.16
2025-07-22,2,3,41.14
2025-07-23,2,3,45.03
2025-07-24,2,3,44.06
2025-07-25,2,3,43.48
2025-07-26,2,3,51.06
2025-07-27,2,3,52.11
2025-07-28,2,3,43.15
2025-07-29,2,3,38.51
2025-07-30,2,3,41.49
2025-07-31,2,3,44.49
2025-08-01,2,3,40.1
2025-08-02,2,3,55.21
2025-08-03,2,3,51.42
2025-08-04,2,3,43.34
2025-08-05,2,3,40.42
2025-08-06,2,3,43.7
2025-08-07,2,3,43.68
2025-08-08,2,3,45.05
2025-08-09,2,3,55.5
2025-08-10,2,3,55.32
2025-08-11,2,3,43.25
2025-08-12,2,3,40.4
2025-08-13,2,3,45.52
2025-08-14,2,3,40.28
2025-08-15,2,3,42.04
2025-08-16,2,3,54.41
2025-08-17,2,3,53.84
2025-08-18,2,3,46.16
2025-08-19,2,3,42.99
2025-08-20,2,3,39.63
2025-08-21,2,3,42.48
2025-08-22,2,3,43.4
2025-08-23,2,3,52.37
2025-08-24,2,3,55.92
2025-08-25,2,3,42.62
2025-08-26,2,3,40.26
2025-08-27,2,3,44.09
2025-08-28,2,3,40.88
2025-08-29,2,3,46.59
2025-08-30,2,3,53.75
2025-08-31,2,3,50.43
2025-09-01,2,3,45.41
2025-09-02,2,3,48.01
2025-09-03,2,3,39.29
2025-09-04,2,3,45.12
2025-09-05,2,3,44.3
2025-09-06,2,3,53.7
2025-09-07,2,3,54.06
2025-09-08,2,3,44.38
2025-09-09,2,3,42.03
2025-09-10,2,3,46.26
2025-09-11,2,3,40.75
2025-09-12,2,3,47.39
2025-09-13,2,3,56.55
2025-09-14,2,3,51.14
2025-09-15,2,3,43.52
2025-09-16,2,3,46.39
2025-09-17,2,3,42.59
2025-09-18,2,3,43.27
2025-09-19,2,3,42.81
2025-09-20,2,3,55.97
2025-09-21,2,3,52.44
2025-09-22,2,3,43.65
2025-09-23,2,3,44.77
2025-09-24,2,3,43.3
2025-09-25,2,3,42.0
2025-09-26,2,3,41.07
2025-09-27,2,3,50.74
2025-09-28,2,3,51.43
2025-09-29,2,3,40.37
2025-09-30,2,3,42.38
2025-03-15,2,4,27.03
2025-03-16,2,4,25.1
2025-03-17,2,4,11.75
2025-03-18,2,4,12.99
2025-03-19,2,4,14.58
2025-03-20,2,4,12.31
2025-03-21,2,4,12.89
2025-03-22,2,4,22.62
2025-03-23,2,4,23.28
2025-03-24,2,4,13.27
2025-03-25,2,4,16.69
2025-03-26,2,4,13.88
2025-03-27,2,4,15.54
2025-03-28,2,4,11.67
2025-03-29,2,4,24.33
2025-03-30,2,4,25.32
2025-03-31,2,4,16.6
2025-04-01,2,4,15.41
2025-04-02,2,4,13.29
2025-04-03,2,4,14.79
2025-04-04,2,4,13.32
2025-04-05,2,4,23.62
2025-04-06,2,4,24.07
2025-04-07,2,4,11.55
2025-04-08,2,4,18.25
2025-04-09,2,4,10.6
2025-04-10,2,4,16.11
2025-04-11,2,4,16.23
2025-04-12,2,4,23.21
2025-04-13,2,4,24.19
2025-04-14,2,4,13.33
2025-04-15,2,4,15.23
2025-04-16,2,4,14.93
2025-04-17,2,4,15.84
2025-04-18,2,4,14.46
2025-04-19,2,4,26.88
2025-04-20,2,4,23.87
2025-04-21,2,4,14.01
2025-04-22,2,4,15.82
2025-04-23,2,4,14.17
2025-04-24,2,4,13.85
2025-04-25,2,4,17.42
2025-04-26,2,4,23.81
2025-04-27,2,4,28.27
2025-04-28,2,4,12.75
2025-04-29,2,4,15.2
2025-04-30,2,4,13.48
2025-05-01,2,4,15.23
2025-05-02,2,4,20.01
2025-05-03,2,4,25.96
2025-05-04,2,4,20.06
2025-05-05,2,4,15.12
2025-05-06,2,4,15.72
2025-05-07,2,4,17.16
2025-05-08,2,4,17.58
2025-05-09,2,4,16.11
2025-05-10,2,4,27.55
2025-05-11,2,4,23.45
2025-05-12,2,4,13.0
2025-05-13,2,4,15.91
2025-05-14,2,4,16.69
2025-05-15,2,4,13.76
2025-05-16,2,4,17.9
2025-05-17,2,4,23.37
2025-05-18,2,4,25.72
2025-05-19,2,4,13.67
2025-05-20,2,4,13.49
2025-05-21,2,4,17.14
2025-05-22,2,4,16.5
2025-05-23,2,4,18.04
2025-05-24,2,4,27.8
2025-05-25,2,4,26.75
2025-05-26,2,4,15.86
2025-05-27,2,4,14.12
2025-05-28,2,4,18.77
2025-05-29,2,4,15.57
2025-05-30,2,4,19.79
2025-05-31,2,4,29.51
2025-06-01,2,4,23.04
2025-06-02,2,4,18.06
2025-06-03,2,4,13.37
2025-06-04,2,4,19.9
2025-06-05,2,4,15.96
2025-06-06,2,4,14.6
2025-06-07,2,4,23.61
2025-06-08,2,4,25.84
2025-06-09,2,4,17.04
2025-06-10,2,4,16.32
2025-06-11,2,4,14.91
2025-06-12,2,4,18.02
2025-06-13,2,4,13.45
2025-06-14,2,4,26.83
2025-06-15,2,4,24.34
2025-06-16,2,4,15.96
2025-06-17,2,4,15.25
2025-06-18,2,4,15.4
2025-06-19,2,4,19.47
2025-06-20,2,4,16.02
2025-06-21,2,4,25.69
2025-06-22,2,4,27.98
2025-06-23,2,4,17.44
2025-06-24,2,4,14.12
2025-06-25,2,4,15.88
2025-06-26,2,4,14.7
2025-06-27,2,4,17.13
2025-06-28,2,4,24.62
2025-06-29,2,4,23.82
2025-06-30,2,4,11.45
2025-07-01,2,4,13.35
2025-07-02,2,4,14.66
2025-07-03,2,4,16.01
2025-07-04,2,4,13.48
2025-07-05,2,4,28.75
2025-07-06,2,4,26.91
2025-07-07,2,4,19.98
2025-07-08,2,4,15.86
2025-07-09,2,4,17.03
2025-07-10,2,4,14.03
2025-07-11,2,4,16.16
2025-07-12,2,4,24.05
2025-07-13,2,4,28.03
2025-07-14,2,4,19.17
2025-07-15,2,4,13.92
2025-07-16,2,4,14.12
2025-07-17,2,4,18.57
2025-07-18,2,4,19.2
2025-07-19,2,4,31.57
2025-07-20,2,4,27.78
2025-07-21,2,4,17.14
2025-07-22,2,4,17.11
2025-07-23,2,4,16.43
2025-07-24,2,4,17.95
2025-07-25,2,4,16.17
2025-07-26,2,4,25.02
2025-07-27,2,4,27.66
2025-07-28,2,4,12.53
2025-07-29,2,4,19.27
2025-07-30,2,4,14.68
2025-07-31,2,4,18.04
2025-08-01,2,4,17.47
2025-08-02,2,4,27.55
2025-08-03,2,4,28.81
2025-08-04,2,4,15.84
2025-08-05,2,4,15.06
2025-08-06,2,4,16.68
2025-08-07,2,4,18.31
2025-08-08,2,4,18.76
2025-08-09,2,4,26.26
2025-08-10,2,4,25.14
2025-08-11,2,4,19.98
2025-08-12,2,4,16.76
2025-08-13,2,4,14.47
2025-08-14,2,4,16.36
2025-08-15,2,4,14.76
2025-08-16,2,4,27.89
2025-08-17,2,4,28.78
2025-08-18,2,4,16.06
2025-08-19,2,4,16.91
2025-08-20,2,4,19.09
2025-08-21,2,4,17.17
2025-08-22,2,4,17.15
2025-08-23,2,4,28.82
2025-08-24,2,4,27.03
2025-08-25,2,4,15.86
2025-08-26,2,4,14.85
2025-08-27,2,4,21.37
2025-08-28,2,4,18.05
2025-08-29,2,4,16.08
2025-08-30,2,4,29.8
2025-08-31,2,4,29.74
2025-09-01,2,4,13.6
2025-09-02,2,4,21.54
2025-09-03,2,4,19.79
2025-09-04,2,4,13.21
2025-09-05,2,4,18.31
2025-09-06,2,4,26.22
2025-09-07,2,4,27.06
2025-09-08,2,4,20.89
2025-09-09,2,4,16.61
2025-09-10,2,4,19.63
2025-09-11,2,4,17.78
2025-09-12,2,4,20.18
2025-09-13,2,4,28.65
2025-09-14,2,4,30.31
2025-09-15,2,4,20.77
2025-09-16,2,4,16.72
2025-09-17,2,4,19.8
2025-09-18,2,4,20.12
2025-09-19,2,4,16.76
2025-09-20,2,4,27.28
2025-09-21,2,4,26.89
2025-09-22,2,4,15.94
2025-09-23,2,4,17.69
2025-09-24,2,4,17.64
2025-09-25,2,4,15.44
2025-09-26,2,4,19.82
2025-09-27,2,4,30.97
2025-09-28,2,4,30.24
2025-09-29,2,4,20.76
2025-09-30,2,4,18.34
2025-03-15,2,5,60.91
2025-03-16,2,5,67.41
2025-03-17,2,5,56.49
2025-03-18,2,5,53.29
2025-03-19,2,5,56.5
2025-03-20,2,5,59.81
2025-03-21,2,5,53.68
2025-03-22,2,5,67.55
2025-03-23,2,5,65.69
2025-03-24,2,5,54.52
2025-03-25,2,5,52.8
2025-03-26,2,5,53.92
2025-03-27,2,5,54.26
2025-03-28,2,5,50.44
2025-03-29,2,5,66.15
2025-03-30,2,5,64.47
2025-03-31,2,5,56.05
2025-04-01,2,5,54.31
2025-04-02,2,5,61.17
2025-04-03,2,5,51.87
2025-04-04,2,5,53.34
2025-04-05,2,5,66.64
2025-04-06,2,5,69.97
2025-04-07,2,5,53.28
2025-04-08,2,5,58.95
2025-04-09,2,5,53.48
2025-04-10,2,5,57.92
2025-04-11,2,5,55.5
2025-04-12,2,5,69.83
2025-04-13,2,5,68.95
2025-04-14,2,5,54.11
2025-04-15,2,5,61.3
2025-04-16,2,5,53.2
2025-04-17,2,5,54.84
2025-04-18,2,5,59.11
2025-04-19,2,5,64.04
2025-04-20,2,5,64.25
2025-04-21,2,5,55.81
2025-04-22,2,5,56.47
2025-04-23,2,5,56.36
2025-04-24,2,5,54.12
2025-04-25,2,5,56.02
2025-04-26,2,5,66.92
2025-04-27,2,5,68.68
2025-04-28,2,5,56.35
2025-04-29,2,5,53.2
2025-04-30,2,5,55.79
2025-05-01,2,5,54.51
2025-05-02,2,5,58.41
2025-05-03,2,5,62.44
2025-05-04,2,5,66.93
2025-05-05,2,5,53.7
2025-05-06,2,5,58.39
2025-05-07,2,5,57.41
2025-05-08,2,5,56.33
2025-05-09,2,5,56.92
2025-05-10,2,5,65.26
2025-05-11,2,5,67.3
2025-05-12,2,5,55.87
2025-05-13,2,5,57.45
2025-05-14,2,5,56.13
2025-05-15,2,5,51.07
2025-05-16,2,5,55.02
2025-05-17,2,5,69.1
2025-05-18,2,5,68.99
2025-05-19,2,5,56.32
2025-05-20,2,5,55.88
2025-05-21,2,5,55.48
2025-05-22,2,5,57.43
2025-05-23,2,5,57.35
2025-05-24,2,5,64.25
2025-05-25,2,5,67.55
2025-05-26,2,5,58.72
2025-05-27,2,5,54.36
2025-05-28,2,5,55.92
2025-05-29,2,5,57.24
2025-05-30,2,5,57.77
2025-05-31,2,5,65.51
2025-06-01,2,5,65.31
2025-06-02,2,5,55.46
2025-06-03,2,5,57.18
2025-06-04,2,5,57.29
2025-06-05,2,5,56.41
2025-06-06,2,5,53.74
2025-06-07,2,5,64.31
2025-06-08,2,5,67.78
2025-06-09,2,5,54.09
2025-06-10,2,5,57.0
2025-06-11,2,5,55.85
2025-06-12,2,5,55.39
2025-06-13,2,5,56.66
2025-06-14,2,5,69.98
2025-06-15,2,5,67.23
2025-06-16,2,5,56.08
2025-06-17,2,5,53.74
2025-06-18,2,5,57.73
2025-06-19,2,5,59.0
2025-06-20,2,5,57.96
2025-06-21,2,5,69.1
2025-06-22,2,5,67.74
2025-06-23,2,5,54.2
2025-06-24,2,5,56.74
2025-06-25,2,5,57.9
2025-06-26,2,5,58.31
2025-06-27,2,5,55.9
2025-06-28,2,5,66.78
2025-06-29,2,5,67.66
2025-06-30,2,5,59.49
2025-07-01,2,5,58.98
2025-07-02,2,5,58.28
2025-07-03,2,5,57.8
2025-07-04,2,5,54.98
2025-07-05,2,5,64.85
2025-07-06,2,5,66.89
2025-07-07,2,5,59.17
2025-07-08,2,5,57.9
2025-07-09,2,5,58.25
2025-07-10,2,5,54.15
2025-07-11,2,5,54.25
2025-07-12,2,5,69.43
2025-07-13,2,5,67.14
2025-07-14,2,5,54.6
2025-07-15,2,5,59.01
2025-07-16,2,5,57.79
2025-07-17,2,5,63.19
2025-07-18,2,5,59.81
2025-07-19,2,5,68.02
2025-07-20,2,5,67.05
2025-07-21,2,5,57.83
2025-07-22,2,5,57.18
2025-07-23,2,5,54.53
2025-07-24,2,5,59.28
2025-07-25,2,5,58.0
2025-07-26,2,5,61.96
2025-07-27,2,5,66.22
2025-07-28,2,5,55.85
2025-07-29,2,5,59.49
2025-07-30,2,5,57.46
2025-07-31,2,5,60.54
2025-08-01,2,5,54.41
2025-08-02,2,5,65.46
2025-08-03,2,5,69.76
2025-08-04,2,5,56.34
2025-08-05,2,5,55.55
2025-08-06,2,5,56.64
2025-08-07,2,5,56.19
2025-08-08,2,5,58.81
2025-08-09,2,5,69.99
2025-08-10,2,5,64.6
2025-08-11,2,5,57.21
2025-08-12,2,5,57.84
2025-08-13,2,5,57.99
2025-08-14,2,5,59.52
2025-08-15,2,5,58.11
2025-08-16,2,5,66.73
2025-08-17,2,5,65.69
2025-08-18,2,5,54.28
2025-08-19,2,5,57.21
2025-08-20,2,5,58.0
2025-08-21,2,5,59.83
2025-08-22,2,5,57.25
2025-08-23,2,5,72.68
2025-08-24,2,5,67.9
2025-08-25,2,5,57.1
2025-08-26,2,5,58.85
2025-08-27,2,5,56.17
2025-08-28,2,5,58.55
2025-08-29,2,5,54.02
2025-08-30,2,5,69.52
2025-08-31,2,5,68.32
2025-09-01,2,5,58.63
2025-09-02,2,5,58.54
2025-09-03,2,5,55.7
2025-09-04,2,5,56.47
2025-09-05,2,5,61.42
2025-09-06,2,5,69.3
2025-09-07,2,5,67.13
2025-09-08,2,5,59.19
2025-09-09,2,5,59.18
2025-09-10,2,5,62.3
2025-09-11,2,5,60.63
2025-09-12,2,5,59.25
2025-09-13,2,5,67.55
2025-09-14,2,5,72.04
2025-09-15,2,5,58.29
2025-09-16,2,5,56.77
2025-09-17,2,5,56.09
2025-09-18,2,5,56.82
2025-09-19,2,5,57.84
2025-09-20,2,5,70.12
2025-09-21,2,5,70.44
2025-09-22,2,5,60.93
2025-09-23,2,5,58.96
2025-09-24,2,5,60.33
2025-09-25,2,5,63.21
2025-09-26,2,5,60.53
2025-09-27,2,5,71.94
2025-09-28,2,5,65.73
2025-09-29,2,5,57.29
2025-09-30,2,5,57.29
2025-03-15,3,1,50.0
2025-03-16,3,1,44.5
2025-03-17,3,1,33.68
2025-03-18,3,1,32.27
2025-03-19,3,1,34.51
2025-03-20,3,1,37.29
2025-03-21,3,1,36.57
2025-03-22,3,1,47.01
2025-03-23,3,1,45.53
2025-03-24,3,1,33.22
2025-03-25,3,1,36.49
2025-03-26,3,1,34.15
2025-03-27,3,1,34.59
2025-03-28,3,1,32.07
2025-03-29,3,1,47.79
2025-03-30,3,1,44.29
2025-03-31,3,1,38.12
2025-04-01,3,1,35.13
2025-04-02,3,1,36.66
2025-04-03,3,1,36.8
2025-04-04,3,1,36.54
2025-04-05,3,1,48.48
2025-04-06,3,1,49.17
2025-04-07,3,1,33.94
2025-04-08,3,1,38.47
2025-04-09,3,1,37.57
2025-04-10,3,1,36.4
2025-04-11,3,1,37.32
2025-04-12,3,1,44.61
2025-04-13,3,1,43.47
2025-04-14,3,1,36.81
2025-04-15,3,1,35.0
2025-04-16,3,1,36.18
2025-04-17,3,1,32.76
2025-04-18,3,1,33.85
2025-04-19,3,1,45.18
2025-04-20,3,1,47.25
2025-04-21,3,1,34.73
2025-04-22,3,1,36.4
2025-04-23,3,1,35.99
2025-04-24,3,1,40.83
2025-04-25,3,1,34.15
2025-04-26,3,1,51.98
2025-04-27,3,1,51.46
2025-04-28,3,1,34.71
2025-04-29,3,1,36.4
2025-04-30,3,1,35.15
2025-05-01,3,1,35.42
2025-05-02,3,1,38.45
2025-05-03,3,1,44.99
2025-05-04,3,1,46.62
2025-05-05,3,1,34.39
2025-05-06,3,1,34.5
2025-05-07,3,1,35.97
2025-05-08,3,1,36.21
2025-05-09,3,1,38.8
2025-05-10,3,1,45.51
2025-05-11,3,1,46.46
2025-05-12,3,1,38.7
2025-05-13,3,1,36.22
2025-05-14,3,1,38.87
2025-05-15,3,1,32.78
2025-05-16,3,1,35.12
2025-05-17,3,1,48.06
2025-05-18,3,1,45.28
2025-05-19,3,1,36.06
2025-05-20,3,1,37.57
2025-05-21,3,1,37.88
2025-05-22,3,1,39.08
2025-05-23,3,1,35.63
2025-05-24,3,1,45.7
2025-05-25,3,1,47.29
2025-05-26,3,1,35.8
2025-05-27,3,1,38.48
2025-05-28,3,1,37.96
2025-05-29,3,1,34.77
2025-05-30,3,1,35.11
2025-05-31,3,1,44.33
2025-06-01,3,1,46.69
2025-06-02,3,1,40.59
2025-06-03,3,1,39.71
2025-06-04,3,1,36.32
2025-06-05,3,1,35.73
2025-06-06,3,1,37.03
2025-06-07,3,1,47.32
2025-06-08,3,1,45.83
2025-06-09,3,1,36.59
2025-06-10,3,1,34.77
2025-06-11,3,1,39.23
2025-06-12,3,1,35.84
2025-06-13,3,1,36.67
2025-06-14,3,1,46.58
2025-06-15,3,1,50.93
2025-06-16,3,1,37.98
2025-06-17,3,1,39.98
2025-06-18,3,1,36.2
2025-06-19,3,1,37.41
2025-06-20,3,1,35.19
2025-06-21,3,1,48.06
2025-06-22,3,1,46.07
2025-06-23,3,1,37.23
2025-06-24,3,1,37.06
2025-06-25,3,1,35.41
2025-06-26,3,1,37.29
2025-06-27,3,1,35.19
2025-06-28,3,1,45.4
2025-06-29,3,1,45.71
2025-06-30,3,1,35.91
2025-07-01,3,1,37.23
2025-07-02,3,1,37.5
2025-07-03,3,1,37.21
2025-07-04,3,1,37.42
2025-07-05,3,1,45.97
2025-07-06,3,1,47.27
2025-07-07,3,1,37.95
2025-07-08,3,1,37.55
2025-07-09,3,1,38.78
2025-07-10,3,1,34.88
2025-07-11,3,1,39.18
2025-07-12,3,1,43.57
2025-07-13,3,1,48.41
2025-07-14,3,1,38.28
2025-07-15,3,1,38.52
2025-07-16,3,1,38.81
2025-07-17,3,1,34.16
2025-07-18,3,1,37.19
2025-07-19,3,1,47.6
2025-07-20,3,1,49.84
2025-07-21,3,1,36.44
2025-07-22,3,1,39.34
2025-07-23,3,1,32.32
2025-07-24,3,1,35.51
2025-07-25,3,1,38.4
2025-07-26,3,1,50.96
2025-07-27,3,1,49.66
2025-07-28,3,1,35.62
2025-07-29,3,1,40.15
2025-07-30,3,1,35.42
2025-07-31,3,1,39.69
2025-08-01,3,1,39.17
2025-08-02,3,1,47.46
2025-08-03,3,1,47.9
2025-08-04,3,1,39.37
2025-08-05,3,1,38.24
2025-08-06,3,1,36.05
2025-08-07,3,1,38.2
2025-08-08,3,1,38.78
2025-08-09,3,1,45.72
2025-08-10,3,1,48.82
2025-08-11,3,1,37.59
2025-08-12,3,1,37.72
2025-08-13,3,1,38.22
2025-08-14,3,1,39.31
2025-08-15,3,1,42.27
2025-08-16,3,1,50.11
2025-08-17,3,1,46.93
2025-08-18,3,1,39.18
2025-08-19,3,1,38.67
2025-08-20,3,1,42.29
2025-08-21,3,1,36.55
2025-08-22,3,1,38.03
2025-08-23,3,1,48.32
2025-08-24,3,1,50.11
2025-08-25,3,1,37.81
2025-08-26,3,1,41.17
2025-08-27,3,1,37.97
2025-08-28,3,1,38.67
2025-08-29,3,1,35.48
2025-08-30,3,1,48.02
2025-08-31,3,1,49.16
2025-09-01,3,1,39.48
2025-09-02,3,1,39.99
2025-09-03,3,1,39.75
2025-09-04,3,1,37.05
2025-09-05,3,1,40.21
2025-09-06,3,1,47.72
2025-09-07,3,1,48.86
2025-09-08,3,1,37.75
2025-09-09,3,1,42.06
2025-09-10,3,1,38.65
2025-09-11,3,1,33.49
2025-09-12,3,1,38.9
2025-09-13,3,1,50.97
2025-09-14,3,1,49.67
2025-09-15,3,1,39.95
2025-09-16,3,1,37.45
2025-09-17,3,1,39.62
2025-09-18,3,1,34.1
2025-09-19,3,1,36.32
2025-09-20,3,1,51.17
2025-09-21,3,1,50.67
2025-09-22,3,1,39.42
2025-09-23,3,1,41.46
2025-09-24,3,1,39.05
2025-09-25,3,1,36.25
2025-09-26,3,1,42.95
2025-09-27,3,1,46.48
2025-09-28,3,1,50.5
2025-09-29,3,1,38.81
2025-09-30,3,1,38.57
2025-03-15,3,2,51.78
2025-03-16,3,2,47.84
2025-03-17,3,2,41.88
2025-03-18,3,2,41.47
2025-03-19,3,2,40.24
2025-03-20,3,2,38.18
2025-03-21,3,2,40.84
2025-03-22,3,2,49.24
2025-03-23,3,2,51.16
2025-03-24,3,2,41.14
2025-03-25,3,2,40.36
2025-03-26,3,2,42.82
2025-03-27,3,2,40.95
2025-03-28,3,2,42.16
2025-03-29,3,2,51.95
2025-03-30,3,2,53.15
2025-03-31,3,2,39.23
2025-04-01,3,2,40.49
2025-04-02,3,2,43.04
2025-04-03,3,2,41.52
2025-04-04,3,2,43.49
2025-04-05,3,2,52.75
2025-04-06,3,2,50.39
2025-04-07,3,2,43.06
2025-04-08,3,2,40.8
2025-04-09,3,2,43.25
2025-04-10,3,2,45.07
2025-04-11,3,2,43.56
2025-04-12,3,2,55.98
2025-04-13,3,2,48.31
2025-04-14,3,2,40.34
2025-04-15,3,2,40.93
2025-04-16,3,2,40.68
2025-04-17,3,2,42.24
2025-04-18,3,2,40.78
2025-04-19,3,2,53.75
2025-04-20,3,2,53.53
2025-04-21,3,2,42.4
2025-04-22,3,2,39.57
2025-04-23,3,2,42.71
2025-04-24,3,2,42.99
2025-04-25,3,2,42.37
2025-04-26,3,2,51.74
2025-04-27,3,2,54.5
2025-04-28,3,2,40.62
2025-04-29,3,2,41.0
2025-04-30,3,2,43.09
2025-05-01,3,2,42.84
2025-05-02,3,2,43.5
2025-05-03,3,2,51.25
2025-05-04,3,2,49.21
2025-05-05,3,2,39.38
2025-05-06,3,2,41.01
2025-05-07,3,2,43.48
2025-05-08,3,2,43.5
2025-05-09,3,2,38.31
2025-05-10,3,2,53.03
2025-05-11,3,2,51.8
2025-05-12,3,2,39.91
2025-05-13,3,2,46.4
2025-05-14,3,2,42.57
2025-05-15,3,2,43.71
2025-05-16,3,2,47.21
2025-05-17,3,2,50.94
2025-05-18,3,2,51.32
2025-05-19,3,2,45.12
2025-05-20,3,2,39.54
2025-05-21,3,2,42.33
2025-05-22,3,2,42.29
2025-05-23,3,2,44.16
2025-05-24,3,2,53.05
2025-05-25,3,2,50.43
2025-05-26,3,2,44.22
2025-05-27,3,2,43.99
2025-05-28,3,2,40.22
2025-05-29,3,2,40.96
2025-05-30,3,2,41.31
2025-05-31,3,2,50.08
2025-06-01,3,2,54.53
2025-06-02,3,2,41.77
2025-06-03,3,2,41.88
2025-06-04,3,2,40.38
2025-06-05,3,2,41.69
2025-06-06,3,2,45.47
2025-06-07,3,2,54.01
2025-06-08,3,2,49.3
2025-06-09,3,2,40.58
2025-06-10,3,2,43.85
2025-06-11,3,2,41.6
2025-06-12,3,2,41.51
2025-06-13,3,2,40.92
2025-06-14,3,2,50.0
2025-06-15,3,2,52.87
2025-06-16,3,2,41.94
2025-06-17,3,2,45.0
2025-06-18,3,2,42.6
2025-06-19,3,2,40.83
2025-06-20,3,2,44.17
2025-06-21,3,2,55.49
2025-06-22,3,2,51.35
2025-06-23,3,2,39.43
2025-06-24,3,2,41.9
2025-06-25,3,2,40.18
2025-06-26,3,2,46.18
2025-06-27,3,2,40.14
2025-06-28,3,2,52.28
2025-06-29,3,2,55.9
2025-06-30,3,2,44.72
2025-07-01,3,2,41.97
2025-07-02,3,2,41.45
2025-07-03,3,2,42.67
2025-07-04,3,2,42.58
2025-07-05,3,2,56.07
2025-07-06,3,2,52.79
2025-07-07,3,2,40.42
2025-07-08,3,2,45.11
2025-07-09,3,2,45.23
2025-07-10,3,2,42.72
2025-07-11,3,2,44.74
2025-07-12,3,2,53.32
2025-07-13,3,2,50.82
2025-07-14,3,2,43.1
2025-07-15,3,2,40.99
2025-07-16,3,2,42.03
2025-07-17,3,2,41.44
2025-07-18,3,2,44.0
2025-07-19,3,2,53.73
2025-07-20,3,2,50.74
2025-07-21,3,2,41.56
2025-07-22,3,2,43.41
2025-07-23,3,2,44.37
2025-07-24,3,2,43.6
2025-07-25,3,2,39.06
2025-07-26,3,2,56.07
2025-07-27,3,2,57.06
2025-07-28,3,2,46.71
2025-07-29,3,2,44.65
2025-07-30,3,2,44.92
2025-07-31,3,2,42.29
2025-08-01,3,2,43.99
2025-08-02,3,2,51.38
2025-08-03,3,2,53.9
2025-08-04,3,2,40.82
2025-08-05,3,2,44.87
2025-08-06,3,2,43.01
2025-08-07,3,2,45.27
2025-08-08,3,2,44.12
2025-08-09,3,2,52.86
2025-08-10,3,2,55.48
2025-08-11,3,2,41.47
2025-08-12,3,2,43.31
2025-08-13,3,2,42.78
2025-08-14,3,2,45.37
2025-08-15,3,2,43.75
2025-08-16,3,2,54.46
2025-08-17,3,2,54.99
2025-08-18,3,2,39.27
2025-08-19,3,2,42.13
2025-08-20,3,2,44.23
2025-08-21,3,2,46.04
2025-08-22,3,2,45.18
2025-08-23,3,2,56.68
2025-08-24,3,2,53.63
2025-08-25,3,2,44.3
2025-08-26,3,2,43.12
2025-08-27,3,2,43.27
2025-08-28,3,2,42.5
2025-08-29,3,2,43.09
2025-08-30,3,2,53.82
2025-08-31,3,2,52.91
2025-09-01,3,2,44.29
2025-09-02,3,2,40.62
2025-09-03,3,2,45.13
2025-09-04,3,2,44.65
2025-09-05,3,2,45.21
2025-09-06,3,2,53.41
2025-09-07,3,2,53.34
2025-09-08,3,2,46.34
2025-09-09,3,2,44.09
2025-09-10,3,2,48.39
2025-09-11,3,2,41.63
2025-09-12,3,2,43.96
2025-09-13,3,2,52.22
2025-09-14,3,2,52.92
2025-09-15,3,2,42.94
2025-09-16,3,2,43.58
2025-09-17,3,2,46.12
2025-09-18,3,2,42.29
2025-09-19,3,2,45.82
2025-09-20,3,2,51.74
2025-09-21,3,2,53.83
2025-09-22,3,2,47.3
2025-09-23,3,2,45.6
2025-09-24,3,2,45.24
2025-09-25,3,2,45.98
2025-09-26,3,2,45.89
2025-09-27,3,2,56.01
2025-09-28,3,2,57.59
2025-09-29,3,2,42.72
2025-09-30,3,2,44.68
2025-03-15,3,3,28.25
2025-03-16,3,3,30.08
2025-03-17,3,3,17.22
2025-03-18,3,3,16.95
2025-03-19,3,3,14.04
2025-03-20,3,3,12.51
2025-03-21,3,3,17.14
2025-03-22,3,3,28.56
2025-03-23,3,3,30.47
2025-03-24,3,3,20.73
2025-03-25,3,3,18.77
2025-03-26,3,3,19.63
2025-03-27,3,3,19.27
2025-03-28,3,3,19.68
2025-03-29,3,3,31.89
2025-03-30,3,3,32.28
2025-03-31,3,3,21.84
2025-04-01,3,3,19.01
2025-04-02,3,3,16.53
2025-04-03,3,3,19.68
2025-04-04,3,3,16.3
2025-04-05,3,3,31.56
2025-04-06,3,3,28.82
2025-04-07,3,3,19.72
2025-04-08,3,3,23.0
2025-04-09,3,3,20.36
2025-04-10,3,3,19.3
2025-04-11,3,3,21.29
2025-04-12,3,3,28.58
2025-04-13,3,3,29.5
2025-04-14,3,3,16.63
2025-04-15,3,3,20.7
2025-04-16,3,3,20.1
2025-04-17,3,3,17.35
2025-04-18,3,3,20.63
2025-04-19,3,3,30.55
2025-04-20,3,3,30.51
2025-04-21,3,3,16.27
2025-04-22,3,3,17.47
2025-04-23,3,3,22.75
2025-04-24,3,3,23.08
2025-04-25,3,3,20.85
2025-04-26,3,3,24.24
2025-04-27,3,3,28.33
2025-04-28,3,3,23.1
2025-04-29,3,3,22.36
2025-04-30,3,3,20.14
2025-05-01,3,3,18.46
2025-05-02,3,3,22.35
2025-05-03,3,3,30.17
2025-05-04,3,3,28.07
2025-05-05,3,3,23.22
2025-05-06,3,3,14.31
2025-05-07,3,3,22.65
2025-05-08,3,3,20.52
2025-05-09,3,3,18.85
2025-05-10,3,3,31.32
2025-05-11,3,3,27.87
2025-05-12,3,3,18.5
2025-05-13,3,3,22.93
2025-05-14,3,3,19.59
2025-05-15,3,3,19.53
2025-05-16,3,3,21.32
2025-05-17,3,3,31.51
2025-05-18,3,3,30.67
2025-05-19,3,3,21.18
2025-05-20,3,3,19.56
2025-05-21,3,3,21.85
2025-05-22,3,3,18.85
2025-05-23,3,3,20.16
2025-05-24,3,3,30.13
2025-05-25,3,3,29.04
2025-05-26,3,3,20.21
2025-05-27,3,3,24.59
2025-05-28,3,3,23.69
2025-05-29,3,3,20.43
2025-05-30,3,3,24.96
2025-05-31,3,3,33.63
2025-06-01,3,3,31.76
2025-06-02,3,3,16.41
2025-06-03,3,3,24.82
2025-06-04,3,3,20.63
2025-06-05,3,3,23.65
2025-06-06,3,3,23.73
2025-06-07,3,3,30.89
2025-06-08,3,3,34.06
2025-06-09,3,3,22.53
2025-06-10,3,3,17.96
2025-06-11,3,3,19.93
2025-06-12,3,3,18.91
2025-06-13,3,3,19.61
2025-06-14,3,3,30.28
2025-06-15,3,3,29.16
2025-06-16,3,3,22.19
2025-06-17,3,3,18.33
2025-06-18,3,3,18.04
2025-06-19,3,3,23.13
2025-06-20,3,3,22.47
2025-06-21,3,3,30.34
2025-06-22,3,3,35.8
2025-06-23,3,3,17.87
2025-06-24,3,3,24.82
2025-06-25,3,3,21.18
2025-06-26,3,3,21.39
2025-06-27,3,3,21.77
2025-06-28,3,3,28.09
2025-06-29,3,3,31.06
2025-06-30,3,3,19.14
2025-07-01,3,3,20.4
2025-07-02,3,3,19.77
2025-07-03,3,3,23.68
2025-07-04,3,3,22.38
2025-07-05,3,3,31.87
2025-07-06,3,3,33.54
2025-07-07,3,3,21.86
2025-07-08,3,3,23.04
2025-07-09,3,3,22.38
2025-07-10,3,3,19.94
2025-07-11,3,3,19.28
2025-07-12,3,3,30.37
2025-07-13,3,3,29.78
2025-07-14,3,3,21.79
2025-07-15,3,3,21.38
2025-07-16,3,3,21.09
2025-07-17,3,3,24.52
2025-07-18,3,3,23.75
2025-07-19,3,3,30.73
2025-07-20,3,3,32.0
2025-07-21,3,3,23.11
2025-07-22,3,3,20.1
2025-07-23,3,3,26.84
2025-07-24,3,3,21.85
2025-07-25,3,3,22.75
2025-07-26,3,3,34.78
2025-07-27,3,3,33.84
2025-07-28,3,3,24.04
2025-07-29,3,3,24.44
2025-07-30,3,3,25.85
2025-07-31,3,3,21.53
2025-08-01,3,3,24.87
2025-08-02,3,3,32.0
2025-08-03,3,3,33.95
2025-08-04,3,3,23.03
2025-08-05,3,3,21.38
2025-08-06,3,3,20.73
2025-08-07,3,3,23.14
2025-08-08,3,3,21.67
2025-08-09,3,3,30.76
2025-08-10,3,3,30.42
2025-08-11,3,3,19.6
2025-08-12,3,3,24.48
2025-08-13,3,3,22.24
2025-08-14,3,3,23.21
2025-08-15,3,3,23.32
2025-08-16,3,3,32.17
2025-08-17,3,3,32.06
2025-08-18,3,3,21.09
2025-08-19,3,3,18.87
2025-08-20,3,3,24.45
2025-08-21,3,3,22.23
2025-08-22,3,3,22.92
2025-08-23,3,3,32.99
2025-08-24,3,3,30.04
2025-08-25,3,3,24.64
2025-08-26,3,3,23.87
2025-08-27,3,3,23.54
2025-08-28,3,3,23.32
2025-08-29,3,3,21.81
2025-08-30,3,3,33.06
2025-08-31,3,3,29.27
2025-09-01,3,3,26.82
2025-09-02,3,3,27.3
2025-09-03,3,3,24.18
2025-09-04,3,3,24.59
2025-09-05,3,3,25.58
2025-09-06,3,3,32.86
2025-09-07,3,3,29.75
2025-09-08,3,3,23.92
2025-09-09,3,3,21.97
2025-09-10,3,3,21.96
2025-09-11,3,3,20.21
2025-09-12,3,3,24.43
2025-09-13,3,3,33.39
2025-09-14,3,3,32.21
2025-09-15,3,3,25.58
2025-09-16,3,3,24.88
2025-09-17,3,3,21.26
2025-09-18,3,3,21.89
2025-09-19,3,3,24.66
2025-09-20,3,3,32.59
2025-09-21,3,3,34.03
2025-09-22,3,3,24.26
2025-09-23,3,3,25.24
2025-09-24,3,3,24.35
2025-09-25,3,3,20.87
2025-09-26,3,3,21.5
2025-09-27,3,3,33.68
2025-09-28,3,3,30.13
2025-09-29,3,3,24.86
2025-09-30,3,3,20.79
2025-03-15,3,4,34.2
2025-03-16,3,4,36.33
2025-03-17,3,4,26.59
2025-03-18,3,4,24.96
2025-03-19,3,4,30.68
2025-03-20,3,4,28.11
2025-03-21,3,4,28.94
2025-03-22,3,4,36.06
2025-03-23,3,4,38.52
2025-03-24,3,4,28.29
2025-03-25,3,4,24.74
2025-03-26,3,4,25.43
2025-03-27,3,4,32.64
2025-03-28,3,4,26.01
2025-03-29,3,4,37.83
2025-03-30,3,4,36.45
2025-03-31,3,4,28.56
2025-04-01,3,4,24.93
2025-04-02,3,4,24.92
2025-04-03,3,4,29.22
2025-04-04,3,4,27.37
2025-04-05,3,4,32.04
2025-04-06,3,4,37.06
2025-04-07,3,4,26.67
2025-04-08,3,4,28.48
2025-04-09,3,4,27.72
2025-04-10,3,4,27.78
2025-04-11,3,4,27.29
2025-04-12,3,4,37.72
2025-04-13,3,4,34.85
2025-04-14,3,4,25.54
2025-04-15,3,4,25.49
2025-04-16,3,4,24.53
2025-04-17,3,4,28.81
2025-04-18,3,4,29.41
2025-04-19,3,4,38.5
2025-04-20,3,4,36.09
2025-04-21,3,4,26.24
2025-04-22,3,4,26.45
2025-04-23,3,4,29.58
2025-04-24,3,4,28.43
2025-04-25,3,4,30.87
2025-04-26,3,4,35.48
2025-04-27,3,4,36.98
2025-04-28,3,4,24.93
2025-04-29,3,4,24.64
2025-04-30,3,4,27.18
2025-05-01,3,4,26.84
2025-05-02,3,4,26.51
2025-05-03,3,4,34.48
2025-05-04,3,4,37.97
2025-05-05,3,4,27.03
2025-05-06,3,4,29.44
2025-05-07,3,4,28.74
2025-05-08,3,4,25.03
2025-05-09,3,4,28.47
2025-05-10,3,4,36.5
2025-05-11,3,4,40.78
2025-05-12,3,4,27.68
2025-05-13,3,4,26.75
2025-05-14,3,4,26.96
2025-05-15,3,4,24.79
2025-05-16,3,4,30.36
2025-05-17,3,4,42.07
2025-05-18,3,4,34.39
2025-05-19,3,4,27.37
2025-05-20,3,4,27.67
2025-05-21,3,4,26.73
2025-05-22,3,4,30.37
2025-05-23,3,4,30.45
2025-05-24,3,4,37.48
2025-05-25,3,4,42.14
2025-05-26,3,4,28.08
2025-05-27,3,4,27.55
2025-05-28,3,4,28.61
2025-05-29,3,4,26.58
2025-05-30,3,4,31.0
2025-05-31,3,4,39.35
2025-06-01,3,4,37.42
2025-06-02,3,4,27.78
2025-06-03,3,4,26.36
2025-06-04,3,4,28.72
2025-06-05,3,4,25.63
2025-06-06,3,4,28.24
2025-06-07,3,4,37.22
2025-06-08,3,4,39.41
2025-06-09,3,4,30.38
2025-06-10,3,4,29.89
2025-06-11,3,4,28.09
2025-06-12,3,4,26.93
2025-06-13,3,4,27.77
2025-06-14,3,4,38.36
2025-06-15,3,4,39.39
2025-06-16,3,4,27.3
2025-06-17,3,4,26.52
2025-06-18,3,4,28.82
2025-06-19,3,4,31.21
2025-06-20,3,4,32.26
2025-06-21,3,4,40.12
2025-06-22,3,4,36.57
2025-06-23,3,4,31.39
2025-06-24,3,4,26.9
2025-06-25,3,4,27.07
2025-06-26,3,4,29.49
2025-06-27,3,4,25.89
2025-06-28,3,4,40.28
2025-06-29,3,4,38.59
2025-06-30,3,4,29.51
2025-07-01,3,4,27.09
2025-07-02,3,4,30.45
2025-07-03,3,4,29.8
2025-07-04,3,4,28.07
2025-07-05,3,4,40.7
2025-07-06,3,4,33.51
2025-07-07,3,4,29.58
2025-07-08,3,4,28.66
2025-07-09,3,4,27.3
2025-07-10,3,4,29.27
2025-07-11,3,4,29.93
2025-07-12,3,4,37.48
2025-07-13,3,4,38.74
2025-07-14,3,4,28.91
2025-07-15,3,4,29.8
2025-07-16,3,4,31.49
2025-07-17,3,4,28.13
2025-07-18,3,4,31.71
2025-07-19,3,4,36.49
2025-07-20,3,4,39.72
2025-07-21,3,4,25.7
2025-07-22,3,4,29.3
2025-07-23,3,4,30.62
2025-07-24,3,4,33.24
2025-07-25,3,4,29.31
2025-07-26,3,4,37.74
2025-07-27,3,4,41.31
2025-07-28,3,4,29.36
2025-07-29,3,4,29.49
2025-07-30,3,4,31.15
2025-07-31,3,4,31.52
2025-08-01,3,4,25.89
2025-08-02,3,4,39.48
2025-08-03,3,4,39.36
2025-08-04,3,4,27.28
2025-08-05,3,4,26.19
2025-08-06,3,4,29.32
2025-08-07,3,4,28.55
2025-08-08,3,4,28.04
2025-08-09,3,4,39.24
2025-08-10,3,4,38.83
2025-08-11,3,4,29.59
2025-08-12,3,4,32.73
2025-08-13,3,4,29.53
2025-08-14,3,4,33.37
2025-08-15,3,4,32.12
2025-08-16,3,4,41.59
2025-08-17,3,4,38.22
2025-08-18,3,4,29.11
2025-08-19,3,4,27.87
2025-08-20,3,4,30.57
2025-08-21,3,4,29.62
2025-08-22,3,4,30.66
2025-08-23,3,4,40.4
2025-08-24,3,4,40.15
2025-08-25,3,4,29.12
2025-08-26,3,4,27.91
2025-08-27,3,4,28.99
2025-08-28,3,4,31.33
2025-08-29,3,4,29.59
2025-08-30,3,4,39.81
2025-08-31,3,4,41.69
2025-09-01,3,4,30.95
2025-09-02,3,4,27.04
2025-09-03,3,4,29.85
2025-09-04,3,4,28.29
2025-09-05,3,4,29.95
2025-09-06,3,4,40.85
2025-09-07,3,4,41.11
2025-09-08,3,4,33.44
2025-09-09,3,4,29.13
2025-09-10,3,4,29.56
2025-09-11,3,4,31.32
2025-09-12,3,4,32.12
2025-09-13,3,4,38.15
2025-09-14,3,4,41.61
2025-09-15,3,4,31.59
2025-09-16,3,4,29.97
2025-09-17,3,4,29.73
2025-09-18,3,4,31.78
2025-09-19,3,4,31.19
2025-09-20,3,4,41.16
2025-09-21,3,4,38.91
2025-09-22,3,4,26.95
2025-09-23,3,4,30.23
2025-09-24,3,4,29.89
2025-09-25,3,4,31.37
2025-09-26,3,4,28.95
2025-09-27,3,4,41.76
2025-09-28,3,4,41.33
2025-09-29,3,4,29.05
2025-09-30,3,4,32.44
2025-03-15,3,5,53.08
2025-03-16,3,5,59.6
2025-03-17,3,5,45.51
2025-03-18,3,5,43.93
2025-03-19,3,5,40.38
2025-03-20,3,5,44.56
2025-03-21,3,5,43.6
2025-03-22,3,5,55.84
2025-03-23,3,5,54.0
2025-03-24,3,5,42.62
2025-03-25,3,5,47.43
2025-03-26,3,5,43.98
2025-03-27,3,5,44.77
2025-03-28,3,5,43.62
2025-03-29,3,5,54.62
2025-03-30,3,5,52.05
2025-03-31,3,5,41.83
2025-04-01,3,5,41.71
2025-04-02,3,5,42.49
2025-04-03,3,5,43.09
2025-04-04,3,5,44.03
2025-04-05,3,5,53.51
2025-04-06,3,5,57.88
2025-04-07,3,5,45.63
2025-04-08,3,5,42.97
2025-04-09,3,5,44.34
2025-04-10,3,5,47.1
2025-04-11,3,5,41.9
2025-04-12,3,5,53.74
2025-04-13,3,5,54.57
2025-04-14,3,5,42.9
2025-04-15,3,5,44.39
2025-04-16,3,5,40.79
2025-04-17,3,5,42.47
2025-04-18,3,5,43.77
2025-04-19,3,5,54.47
2025-04-20,3,5,53.69
2025-04-21,3,5,43.09
2025-04-22,3,5,44.52
2025-04-23,3,5,45.51
2025-04-24,3,5,43.5
2025-04-25,3,5,48.37
2025-04-26,3,5,57.03
2025-04-27,3,5,54.93
2025-04-28,3,5,44.4
2025-04-29,3,5,46.05
2025-04-30,3,5,42.24
2025-05-01,3,5,45.74
2025-05-02,3,5,45.94
2025-05-03,3,5,55.06
2025-05-04,3,5,55.34
2025-05-05,3,5,45.51
2025-05-06,3,5,46.34
2025-05-07,3,5,42.91
2025-05-08,3,5,42.1
2025-05-09,3,5,41.94
2025-05-10,3,5,56.27
2025-05-11,3,5,48.82
2025-05-12,3,5,45.01
2025-05-13,3,5,42.8
2025-05-14,3,5,42.46
2025-05-15,3,5,44.06
2025-05-16,3,5,46.73
2025-05-17,3,5,53.5
2025-05-18,3,5,53.79
2025-05-19,3,5,45.59
2025-05-20,3,5,44.2
2025-05-21,3,5,46.09
2025-05-22,3,5,47.59
2025-05-23,3,5,42.74
2025-05-24,3,5,60.64
2025-05-25,3,5,57.12
2025-05-26,3,5,41.56
2025-05-27,3,5,44.31
2025-05-28,3,5,50.36
2025-05-29,3,5,44.96
2025-05-30,3,5,47.36
2025-05-31,3,5,56.73
2025-06-01,3,5,54.65
2025-06-02,3,5,48.72
2025-06-03,3,5,45.66
2025-06-04,3,5,44.76
2025-06-05,3,5,46.52
2025-06-06,3,5,45.1
2025-06-07,3,5,57.19
2025-06-08,3,5,52.24
2025-06-09,3,5,42.85
2025-06-10,3,5,48.24
2025-06-11,3,5,45.93
2025-06-12,3,5,44.22
2025-06-13,3,5,42.25
2025-06-14,3,5,53.3
2025-06-15,3,5,53.88
2025-06-16,3,5,41.14
2025-06-17,3,5,48.41
2025-06-18,3,5,45.92
2025-06-19,3,5,47.83
2025-06-20,3,5,44.58
2025-06-21,3,5,54.24
2025-06-22,3,5,54.95
2025-06-23,3,5,49.59
2025-06-24,3,5,45.18
2025-06-25,3,5,43.8
2025-06-26,3,5,45.62
2025-06-27,3,5,44.68
2025-06-28,3,5,55.63
2025-06-29,3,5,55.75
2025-06-30,3,5,47.01
2025-07-01,3,5,45.56
2025-07-02,3,5,45.64
2025-07-03,3,5,46.84
2025-07-04,3,5,45.03
2025-07-05,3,5,57.88
2025-07-06,3,5,58.06
2025-07-07,3,5,49.12
2025-07-08,3,5,43.89
2025-07-09,3,5,45.61
2025-07-10,3,5,46.19
2025-07-11,3,5,42.01
2025-07-12,3,5,53.54
2025-07-13,3,5,56.46
2025-07-14,3,5,42.07
2025-07-15,3,5,49.17
2025-07-16,3,5,42.03
2025-07-17,3,5,42.61
2025-07-18,3,5,49.38
2025-07-19,3,5,55.26
2025-07-20,3,5,56.58
2025-07-21,3,5,45.69
2025-07-22,3,5,47.08
2025-07-23,3,5,48.75
2025-07-24,3,5,50.17
2025-07-25,3,5,47.44
2025-07-26,3,5,51.22
2025-07-27,3,5,55.42
2025-07-28,3,5,45.18
2025-07-29,3,5,49.21
2025-07-30,3,5,45.61
2025-07-31,3,5,49.4
2025-08-01,3,5,44.73
2025-08-02,3,5,56.72
2025-08-03,3,5,58.92
2025-08-04,3,5,47.09
2025-08-05,3,5,47.86
2025-08-06,3,5,45.96
2025-08-07,3,5,45.41
2025-08-08,3,5,45.75
2025-08-09,3,5,51.58
2025-08-10,3,5,58.32
2025-08-11,3,5,45.82
2025-08-12,3,5,51.65
2025-08-13,3,5,46.31
2025-08-14,3,5,49.17
2025-08-15,3,5,47.08
2025-08-16,3,5,61.16
2025-08-17,3,5,54.08
2025-08-18,3,5,47.06
2025-08-19,3,5,49.15
2025-08-20,3,5,47.65
2025-08-21,3,5,46.23
2025-08-22,3,5,46.63
2025-08-23,3,5,55.22
2025-08-24,3,5,57.92
2025-08-25,3,5,46.6
2025-08-26,3,5,47.4
2025-08-27,3,5,46.2
2025-08-28,3,5,46.07
2025-08-29,3,5,44.05
2025-08-30,3,5,58.48
2025-08-31,3,5,55.43
2025-09-01,3,5,46.73
2025-09-02,3,5,48.4
2025-09-03,3,5,48.32
2025-09-04,3,5,47.57
2025-09-05,3,5,47.03
2025-09-06,3,5,57.04
2025-09-07,3,5,54.54
2025-09-08,3,5,49.15
2025-09-09,3,5,51.11
2025-09-10,3,5,46.25
2025-09-11,3,5,45.12
2025-09-12,3,5,47.18
2025-09-13,3,5,56.23
2025-09-14,3,5,56.87
2025-09-15,3,5,43.19
2025-09-16,3,5,47.69
2025-09-17,3,5,45.42
2025-09-18,3,5,44.74
2025-09-19,3,5,47.64
2025-09-20,3,5,57.92
2025-09-21,3,5,58.22
2025-09-22,3,5,45.91
2025-09-23,3,5,45.25
2025-09-24,3,5,51.8
2025-09-25,3,5,48.44
2025-09-26,3,5,47.92
2025-09-27,3,5,55.09
2025-09-28,3,5,59.7
2025-09-29,3,5,43.34
2025-09-30,3,5,46.21
